Workbook

Sheet CSP Sum
B2: UCO BC AGENT BUSINESS SUMMARY
B3: Code | C3: CSP Name | G3: Branch Name | K3: ZO Name | M3: DC Name | P3: Age of CSP | Q3: Overall Performance
C4: =IFERROR(VLOOKUP($B$4,Data!$A:$J,6,0),"") | G4: =IFERROR(VLOOKUP($B$4,Data!$A:$G,5,0),"") | K4: =IFERROR(VLOOKUP($B$4,Data!$A:$G,4,0),"") | M4: =IFERROR(VLOOKUP($B$4,Data!$A:$G,2,0),"") | P4: =IFERROR(VLOOKUP($B$4,Data!$A:$J,10,0),"") | Q4: =IF(U4>=90%,"Outstanding",IF(U4>=80%,"Excellent",IF(U4>=70%,"Very Good",IF(U4>=60%,"Good",IF(U4>=50%,"Average",IF(U4>=40%,"Below Average",IF(U4>=30%,"Poor",IF(U4>=20%,"Very Poor",IF(U4<=20%,"Not Satisfactory"))))))))) -> Not Satisfactory | U4: =AVERAGE(S8,S9,S10) -> 0
B5: FY 2026-27 (Report till 06-09-2026)
B6: Category | C6: 46113 | D6: 46143 | E6: 46174 | F6: 46204 | G6: 46235 | H6: 46266 | I6: 46296 | J6: 46327 | K6: 46357 | L6: 46388 | M6: 46419 | N6: 46447 | O6: Total | P6: Average | Q6: Target | R6: Gap | S6: % | T6: Performance
B7: PMJDY AC | C7: =IFERROR(VLOOKUP($B$4,AC!$G:$W,4,0),"") | D7: =IFERROR(VLOOKUP($B$4,AC!$G:$W,5,0),"") | E7: =IFERROR(VLOOKUP($B$4,AC!$G:$W,6,0),"") | F7: =IFERROR(VLOOKUP($B$4,AC!$G:$W,7,0),"") | G7: =IFERROR(VLOOKUP($B$4,AC!$G:$W,8,0),"") | H7: =IFERROR(VLOOKUP($B$4,AC!$G:$W,9,0),"") | I7: =IFERROR(VLOOKUP($B$4,AC!$G:$W,10,0),"") | J7: =IFERROR(VLOOKUP($B$4,AC!$G:$W,11,0),"") | K7: =IFERROR(VLOOKUP($B$4,AC!$G:$W,12,0),"") | L7: =IFERROR(VLOOKUP($B$4,AC!$G:$W,13,0),"") | M7: =IFERROR(VLOOKUP($B$4,AC!$G:$W,14,0),"") | N7: =IFERROR(VLOOKUP($B$4,AC!$G:$W,15,0),"") | O7: =SUM(C7:N7) -> 0 | P7: =O7/$P$15 -> 0 | Q7: =$P$15*30 -> 30 | R7: =Q7-O7 -> 30 | S7: =O7/($P$15*30) -> 0 | T7: =IF(S7>=90%,"Outstanding",IF(S7>=80%,"Excellent",IF(S7>=70%,"Very Good",IF(S7>=60%,"Good",IF(S7>=50%,"Average",IF(S7>=40%,"Below Average",IF(S7>=30%,"Poor",IF(S7>=20%,"Very Poor",IF(S7<=20%,"Not Satisfactory"))))))))) -> Not Satisfactory
B8: APY | C8: =IFERROR(VLOOKUP($B$4,APY!$G:$X,5,0),"") | D8: =IFERROR(VLOOKUP($B$4,APY!$G:$X,6,0),"") | E8: =IFERROR(VLOOKUP($B$4,APY!$G:$X,7,0),"") | F8: =IFERROR(VLOOKUP($B$4,APY!$G:$X,8,0),"") | G8: =IFERROR(VLOOKUP($B$4,APY!$G:$X,9,0),"") | H8: =IFERROR(VLOOKUP($B$4,APY!$G:$X,10,0),"") | I8: =IFERROR(VLOOKUP($B$4,APY!$G:$X,11,0),"") | J8: =IFERROR(VLOOKUP($B$4,APY!$G:$X,12,0),"") | K8: =IFERROR(VLOOKUP($B$4,APY!$G:$X,13,0),"") | L8: =IFERROR(VLOOKUP($B$4,APY!$G:$X,14,0),"") | M8: =IFERROR(VLOOKUP($B$4,APY!$G:$X,15,0),"") | N8: =IFERROR(VLOOKUP($B$4,APY!$G:$X,16,0),"") | O8: =SUM(C8:N8) -> 0 | P8: =O8/$P$15 -> 0 | Q8: =$P$15*15 -> 15 | R8: =Q8-O8 -> 15 | S8: =O8/($P$15*15) -> 0 | T8: =IF(S8>=90%,"Outstanding",IF(S8>=80%,"Excellent",IF(S8>=70%,"Very Good",IF(S8>=60%,"Good",IF(S8>=50%,"Average",IF(S8>=40%,"Below Average",IF(S8>=30%,"Poor",IF(S8>=20%,"Very Poor",IF(S8<=20%,"Not Satisfactory"))))))))) -> Not Satisfactory
B9: PMJJBY | C9: =IFERROR(VLOOKUP($B$4,JJBY!$G:$X,5,0),"") | D9: =IFERROR(VLOOKUP($B$4,JJBY!$G:$X,6,0),"") | E9: =IFERROR(VLOOKUP($B$4,JJBY!$G:$X,7,0),"") | F9: =IFERROR(VLOOKUP($B$4,JJBY!$G:$X,8,0),"") | G9: =IFERROR(VLOOKUP($B$4,JJBY!$G:$X,9,0),"") | H9: =IFERROR(VLOOKUP($B$4,JJBY!$G:$X,10,0),"") | I9: =IFERROR(VLOOKUP($B$4,JJBY!$G:$X,11,0),"") | J9: =IFERROR(VLOOKUP($B$4,JJBY!$G:$X,12,0),"") | K9: =IFERROR(VLOOKUP($B$4,JJBY!$G:$X,13,0),"") | L9: =IFERROR(VLOOKUP($B$4,JJBY!$G:$X,14,0),"") | M9: =IFERROR(VLOOKUP($B$4,JJBY!$G:$X,15,0),"") | N9: =IFERROR(VLOOKUP($B$4,JJBY!$G:$X,16,0),"") | O9: =SUM(C9:N9) -> 0 | P9: =O9/$P$15 -> 0 | Q9: =$P$15*12 -> 12 | R9: =Q9-O9 -> 12 | S9: =O9/($P$15*12) -> 0 | T9: =IF(S9>=90%,"Outstanding",IF(S9>=80%,"Excellent",IF(S9>=70%,"Very Good",IF(S9>=60%,"Good",IF(S9>=50%,"Average",IF(S9>=40%,"Below Average",IF(S9>=30%,"Poor",IF(S9>=20%,"Very Poor",IF(S9<=20%,"Not Satisfactory"))))))))) -> Not Satisfactory
B10: PMSBY | C10: =IFERROR(VLOOKUP($B$4,SBY!$G:$X,5,0),"") | D10: =IFERROR(VLOOKUP($B$4,SBY!$G:$X,6,0),"") | E10: =IFERROR(VLOOKUP($B$4,SBY!$G:$X,7,0),"") | F10: =IFERROR(VLOOKUP($B$4,SBY!$G:$X,8,0),"") | G10: =IFERROR(VLOOKUP($B$4,SBY!$G:$X,9,0),"") | H10: =IFERROR(VLOOKUP($B$4,SBY!$G:$X,10,0),"") | I10: =IFERROR(VLOOKUP($B$4,SBY!$G:$X,11,0),"") | J10: =IFERROR(VLOOKUP($B$4,SBY!$G:$X,12,0),"") | K10: =IFERROR(VLOOKUP($B$4,SBY!$G:$X,13,0),"") | L10: =IFERROR(VLOOKUP($B$4,SBY!$G:$X,14,0),"") | M10: =IFERROR(VLOOKUP($B$4,SBY!$G:$X,15,0),"") | N10: =IFERROR(VLOOKUP($B$4,SBY!$G:$X,16,0),"") | O10: =SUM(C10:N10) -> 0 | P10: =O10/$P$15 -> 0 | Q10: =$P$15*24 -> 24 | R10: =Q10-O10 -> 24 | S10: =O10/($P$15*24) -> 0 | T10: =IF(S10>=90%,"Outstanding",IF(S10>=80%,"Excellent",IF(S10>=70%,"Very Good",IF(S10>=60%,"Good",IF(S10>=50%,"Average",IF(S10>=40%,"Below Average",IF(S10>=30%,"Poor",IF(S10>=20%,"Very Poor",IF(S10<=20%,"Not Satisfactory"))))))))) -> Not Satisfactory
B11: Daily LogIn | C11: =IFERROR(VLOOKUP($B$4,Log!$G:$W,4,0),"") | D11: =IFERROR(VLOOKUP($B$4,Log!$G:$W,5,0),"") | E11: =IFERROR(VLOOKUP($B$4,Log!$G:$W,6,0),"") | F11: =IFERROR(VLOOKUP($B$4,Log!$G:$W,7,0),"") | G11: =IFERROR(VLOOKUP($B$4,Log!$G:$W,8,0),"") | H11: =IFERROR(VLOOKUP($B$4,Log!$G:$W,9,0),"") | I11: =IFERROR(VLOOKUP($B$4,Log!$G:$W,10,0),"") | J11: =IFERROR(VLOOKUP($B$4,Log!$G:$W,11,0),"") | K11: =IFERROR(VLOOKUP($B$4,Log!$G:$W,12,0),"") | L11: =IFERROR(VLOOKUP($B$4,Log!$G:$W,13,0),"") | M11: =IFERROR(VLOOKUP($B$4,Log!$G:$W,14,0),"") | N11: =IFERROR(VLOOKUP($B$4,Log!$G:$W,15,0),"") | O11: =SUM(C11:N11) -> 0 | P11: =O11/$P$15 -> 0 | Q11: Monthly Target: AC -30, APY - 15, PMJJBY - 12, PMSBY - 24
B12: Transaction | C12: =IFERROR(VLOOKUP($B$4,'FI txn'!$G:$X,4,0),"") | D12: =IFERROR(VLOOKUP($B$4,'FI txn'!$G:$X,5,0),"") | E12: =IFERROR(VLOOKUP($B$4,'FI txn'!$G:$X,6,0),"") | F12: =IFERROR(VLOOKUP($B$4,'FI txn'!$G:$X,7,0),"") | G12: =IFERROR(VLOOKUP($B$4,'FI txn'!$G:$X,8,0),"") | H12: =IFERROR(VLOOKUP($B$4,'FI txn'!$G:$X,9,0),"") | I12: =IFERROR(VLOOKUP($B$4,'FI txn'!$G:$X,10,0),"") | J12: =IFERROR(VLOOKUP($B$4,'FI txn'!$G:$X,11,0),"") | K12: =IFERROR(VLOOKUP($B$4,'FI txn'!$G:$X,12,0),"") | L12: =IFERROR(VLOOKUP($B$4,'FI txn'!$G:$X,13,0),"") | M12: =IFERROR(VLOOKUP($B$4,'FI txn'!$G:$X,14,0),"") | N12: =IFERROR(VLOOKUP($B$4,'FI txn'!$G:$X,15,0),"") | O12: =SUM(C12:N12) -> 0 | P12: =O12/$P$15 -> 0
B13: Commission | C13: =IFERROR(C15*80%,"") | D13: =IFERROR(D15*80%,"") | E13: =IFERROR(E15*80%,"") | F13: =IFERROR(F15*80%,"") | G13: =IFERROR(G15*80%,"") | H13: =IFERROR(H15*80%,"") | I13: =IFERROR(I15*80%,"") | J13: =IFERROR(J15*80%,"") | ... N13: =IFERROR(N15*80%,"") | O13: =SUM(C13:N13) -> 0 | P13: =IFERROR(O13/($P$15-1),"")
B15: Commission | C15: =IFERROR(VLOOKUP($B$4,Comm!$G:$W,4,0),"") | D15: =IFERROR(VLOOKUP($B$4,Comm!$G:$W,5,0),"") | E15: =IFERROR(VLOOKUP($B$4,Comm!$G:$W,6,0),"") | F15: =IFERROR(VLOOKUP($B$4,Comm!$G:$W,7,0),"") | G15: =IFERROR(VLOOKUP($B$4,Comm!$G:$W,8,0),"") | H15: =IFERROR(VLOOKUP($B$4,Comm!$G:$W,9,0),"") | I15: =IFERROR(VLOOKUP($B$4,Comm!$G:$W,10,0),"") | J15: =IFERROR(VLOOKUP($B$4,Comm!$G:$W,11,0),"") | K15: =IFERROR(VLOOKUP($B$4,Comm!$G:$W,12,0),"") | L15: =IFERROR(VLOOKUP($B$4,Comm!$G:$W,13,0),"") | M15: =IFERROR(VLOOKUP($B$4,Comm!$G:$W,14,0),"") | N15: =IFERROR(VLOOKUP($B$4,Comm!$G:$W,15,0),"") | O15: =SUM(C15:N15) -> 0 | P15: =COUNTIF(C15:N15,">0")+1 -> 1
B16: FY 2025-26
B17: Category | C17: 45748 | D17: 45778 | E17: 45809 | F17: 45839 | G17: 45870 | H17: 45901 | I17: 45931 | J17: 45962 | K17: 45992 | L17: 46023 | M17: 46054 | N17: 46082 | O17: Total | P17: Average | Q17: Target | R17: Gap | S17: % | T17: Performance
B18: PMJDY AC | C18: =IFERROR(VLOOKUP($B$4,[1]EKYC!$E:$W,5,0),"") | D18: =IFERROR(VLOOKUP($B$4,[1]EKYC!$E:$W,6,0),"") | E18: =IFERROR(VLOOKUP($B$4,[1]EKYC!$E:$W,7,0),"") | F18: =IFERROR(VLOOKUP($B$4,[1]EKYC!$E:$W,8,0),"") | G18: =IFERROR(VLOOKUP($B$4,[1]EKYC!$E:$W,9,0),"") | H18: =IFERROR(VLOOKUP($B$4,[1]EKYC!$E:$W,10,0),"") | I18: =IFERROR(VLOOKUP($B$4,[1]EKYC!$E:$W,11,0),"") | J18: =IFERROR(VLOOKUP($B$4,[1]EKYC!$E:$W,12,0),"") | K18: =IFERROR(VLOOKUP($B$4,[1]EKYC!$E:$W,13,0),"") | L18: =IFERROR(VLOOKUP($B$4,[1]EKYC!$E:$W,14,0),"") | M18: =IFERROR(VLOOKUP($B$4,[1]EKYC!$E:$W,15,0),"") | N18: =IFERROR(VLOOKUP($B$4,[1]EKYC!$E:$W,16,0),"") | O18: =IFERROR(SUM(C18:N18),"") -> 0 | P18: =IFERROR(O18/$P$26,"") | Q18: =IFERROR($P$26*30,"") -> 0 | R18: =Q18-O18 -> 0 | S18: =O18/($P$26*30) -> #DIV/0! | T18: =IFERROR(IF(S18>=90%,"Outstanding",IF(S18>=80%,"Excellent",IF(S18>=70%,"Very Good",IF(S18>=60%,"Good",IF(S18>=50%,"Average",IF(S18>=40%,"Below Average",IF(S18>=30%,"Poor",IF(S18>=20%,"Very Poor",IF(S18<=20%,"Not Satisfactory"))))))))),"")
B19: APY | C19: =IFERROR(VLOOKUP($B$4,[1]APY!$F:$X,5,0),"") | D19: =IFERROR(VLOOKUP($B$4,[1]APY!$F:$X,6,0),"") | E19: =IFERROR(VLOOKUP($B$4,[1]APY!$F:$X,7,0),"") | F19: =IFERROR(VLOOKUP($B$4,[1]APY!$F:$X,8,0),"") | G19: =IFERROR(VLOOKUP($B$4,[1]APY!$F:$X,9,0),"") | H19: =IFERROR(VLOOKUP($B$4,[1]APY!$F:$X,10,0),"") | I19: =IFERROR(VLOOKUP($B$4,[1]APY!$F:$X,11,0),"") | J19: =IFERROR(VLOOKUP($B$4,[1]APY!$F:$X,12,0),"") | K19: =IFERROR(VLOOKUP($B$4,[1]APY!$F:$X,13,0),"") | L19: =IFERROR(VLOOKUP($B$4,[1]APY!$F:$X,14,0),"") | M19: =IFERROR(VLOOKUP($B$4,[1]APY!$F:$X,15,0),"") | N19: =IFERROR(VLOOKUP($B$4,[1]APY!$F:$X,16,0),"") | O19: =IFERROR(SUM(C19:N19),"") -> 0 | P19: =IFERROR(O19/$P$26,"") | Q19: =$P$26*15 -> 0 | R19: =Q19-O19 -> 0 | S19: =O19/($P$26*15) -> #DIV/0! | T19: =IFERROR(IF(S19>=90%,"Outstanding",IF(S19>=80%,"Excellent",IF(S19>=70%,"Very Good",IF(S19>=60%,"Good",IF(S19>=50%,"Average",IF(S19>=40%,"Below Average",IF(S19>=30%,"Poor",IF(S19>=20%,"Very Poor",IF(S19<=20%,"Not Satisfactory"))))))))),"")
B20: PMJJBY | C20: =IFERROR(VLOOKUP($B$4,[1]PMJJBY!$F:$X,5,0),"") | D20: =IFERROR(VLOOKUP($B$4,[1]PMJJBY!$F:$X,6,0),"") | E20: =IFERROR(VLOOKUP($B$4,[1]PMJJBY!$F:$X,7,0),"") | F20: =IFERROR(VLOOKUP($B$4,[1]PMJJBY!$F:$X,8,0),"") | G20: =IFERROR(VLOOKUP($B$4,[1]PMJJBY!$F:$X,9,0),"") | H20: =IFERROR(VLOOKUP($B$4,[1]PMJJBY!$F:$X,10,0),"") | I20: =IFERROR(VLOOKUP($B$4,[1]PMJJBY!$F:$X,11,0),"") | J20: =IFERROR(VLOOKUP($B$4,[1]PMJJBY!$F:$X,12,0),"") | K20: =IFERROR(VLOOKUP($B$4,[1]PMJJBY!$F:$X,13,0),"") | L20: =IFERROR(VLOOKUP($B$4,[1]PMJJBY!$F:$X,14,0),"") | M20: =IFERROR(VLOOKUP($B$4,[1]PMJJBY!$F:$X,15,0),"") | N20: =IFERROR(VLOOKUP($B$4,[1]PMJJBY!$F:$X,16,0),"") | O20: =IFERROR(SUM(C20:N20),"") -> 0 | P20: =IFERROR(O20/$P$26,"") | Q20: =$P$26*12 -> 0 | R20: =Q20-O20 -> 0 | S20: =O20/($P$26*12) -> #DIV/0! | T20: =IFERROR(IF(S20>=90%,"Outstanding",IF(S20>=80%,"Excellent",IF(S20>=70%,"Very Good",IF(S20>=60%,"Good",IF(S20>=50%,"Average",IF(S20>=40%,"Below Average",IF(S20>=30%,"Poor",IF(S20>=20%,"Very Poor",IF(S20<=20%,"Not Satisfactory"))))))))),"")
B21: PMSBY | C21: =IFERROR(VLOOKUP($B$4,[1]PMSBY!$F:$X,5,0),"") | D21: =IFERROR(VLOOKUP($B$4,[1]PMSBY!$F:$X,6,0),"") | E21: =IFERROR(VLOOKUP($B$4,[1]PMSBY!$F:$X,7,0),"") | F21: =IFERROR(VLOOKUP($B$4,[1]PMSBY!$F:$X,8,0),"") | G21: =IFERROR(VLOOKUP($B$4,[1]PMSBY!$F:$X,9,0),"") | H21: =IFERROR(VLOOKUP($B$4,[1]PMSBY!$F:$X,10,0),"") | I21: =IFERROR(VLOOKUP($B$4,[1]PMSBY!$F:$X,11,0),"") | J21: =IFERROR(VLOOKUP($B$4,[1]PMSBY!$F:$X,12,0),"") | K21: =IFERROR(VLOOKUP($B$4,[1]PMSBY!$F:$X,13,0),"") | L21: =IFERROR(VLOOKUP($B$4,[1]PMSBY!$F:$X,14,0),"") | M21: =IFERROR(VLOOKUP($B$4,[1]PMSBY!$F:$X,15,0),"") | N21: =IFERROR(VLOOKUP($B$4,[1]PMSBY!$F:$X,16,0),"") | O21: =IFERROR(SUM(C21:N21),"") -> 0 | P21: =IFERROR(O21/$P$26,"") | Q21: =$P$26*24 -> 0 | R21: =Q21-O21 -> 0 | S21: =O21/($P$26*24) -> #DIV/0! | T21: =IFERROR(IF(S21>=90%,"Outstanding",IF(S21>=80%,"Excellent",IF(S21>=70%,"Very Good",IF(S21>=60%,"Good",IF(S21>=50%,"Average",IF(S21>=40%,"Below Average",IF(S21>=30%,"Poor",IF(S21>=20%,"Very Poor",IF(S21<=20%,"Not Satisfactory"))))))))),"")
B22: Daily LogIn | C22: =IFERROR(VLOOKUP($B$4,[1]EKYC!$E:$W,5,0),"") | D22: =IFERROR(VLOOKUP($B$4,[1]EKYC!$E:$W,6,0),"") | E22: =IFERROR(VLOOKUP($B$4,[1]EKYC!$E:$W,7,0),"") | F22: =IFERROR(VLOOKUP($B$4,[1]EKYC!$E:$W,8,0),"") | G22: =IFERROR(VLOOKUP($B$4,[1]EKYC!$E:$W,9,0),"") | H22: =IFERROR(VLOOKUP($B$4,[1]EKYC!$E:$W,10,0),"") | I22: =IFERROR(VLOOKUP($B$4,[1]EKYC!$E:$W,11,0),"") | J22: =IFERROR(VLOOKUP($B$4,[1]EKYC!$E:$W,12,0),"") | K22: =IFERROR(VLOOKUP($B$4,[1]EKYC!$E:$W,13,0),"") | L22: =IFERROR(VLOOKUP($B$4,[1]EKYC!$E:$W,14,0),"") | M22: =IFERROR(VLOOKUP($B$4,[1]EKYC!$E:$W,15,0),"") | N22: =IFERROR(VLOOKUP($B$4,[1]EKYC!$E:$W,16,0),"") | O22: =IFERROR(SUM(C22:N22),"") -> 0 | P22: =IFERROR(O22/$P$26,"") | Q22: Monthly Target: AC -30, APY - 15, PMJJBY - 12, PMSBY - 24
B23: Transaction | C23: =IFERROR(VLOOKUP($B$4,[1]TXN!$E:$U,3,0),"") | D23: =IFERROR(VLOOKUP($B$4,[1]TXN!$E:$U,4,0),"") | E23: =IFERROR(VLOOKUP($B$4,[1]TXN!$E:$U,5,0),"") | F23: =IFERROR(VLOOKUP($B$4,[1]TXN!$E:$U,6,0),"") | G23: =IFERROR(VLOOKUP($B$4,[1]TXN!$E:$U,7,0),"") | H23: =IFERROR(VLOOKUP($B$4,[1]TXN!$E:$U,8,0),"") | I23: =IFERROR(VLOOKUP($B$4,[1]TXN!$E:$U,9,0),"") | J23: =IFERROR(VLOOKUP($B$4,[1]TXN!$E:$U,10,0),"") | K23: =IFERROR(VLOOKUP($B$4,[1]TXN!$E:$U,11,0),"") | L23: =IFERROR(VLOOKUP($B$4,[1]TXN!$E:$U,12,0),"") | M23: =IFERROR(VLOOKUP($B$4,[1]TXN!$E:$U,13,0),"") | N23: =IFERROR(VLOOKUP($B$4,[1]TXN!$E:$U,14,0),"") | O23: =IFERROR(SUM(C23:N23),"") -> 0 | P23: =IFERROR(O23/$P$26,"")
B24: Commission | C24: =IFERROR(C26*80%,"") | D24: =IFERROR(D26*80%,"") | E24: =IFERROR(E26*80%,"") | F24: =IFERROR(F26*80%,"") | G24: =IFERROR(G26*80%,"") | H24: =IFERROR(H26*80%,"") | I24: =IFERROR(I26*80%,"") | J24: =IFERROR(J26*80%,"") | ... N24: =IFERROR(N26*80%,"") | O24: =IFERROR(SUM(C24:N24),"") -> 0 | P24: =IFERROR(O24/$P$26,"")
B26: Commission | C26: =IFERROR(VLOOKUP($B$4,[1]COMM!$E:$V,4,0),"") | D26: =IFERROR(VLOOKUP($B$4,[1]COMM!$E:$V,5,0),"") | E26: =IFERROR(VLOOKUP($B$4,[1]COMM!$E:$V,6,0),"") | F26: =IFERROR(VLOOKUP($B$4,[1]COMM!$E:$V,7,0),"") | G26: =IFERROR(VLOOKUP($B$4,[1]COMM!$E:$V,8,0),"") | H26: =IFERROR(VLOOKUP($B$4,[1]COMM!$E:$V,9,0),"") | I26: =IFERROR(VLOOKUP($B$4,[1]COMM!$E:$V,10,0),"") | J26: =IFERROR(VLOOKUP($B$4,[1]COMM!$E:$V,11,0),"") | K26: =IFERROR(VLOOKUP($B$4,[1]COMM!$E:$V,12,0),"") | L26: =IFERROR(VLOOKUP($B$4,[1]COMM!$E:$V,13,0),"") | M26: =IFERROR(VLOOKUP($B$4,[1]COMM!$E:$V,14,0),"") | N26: =IFERROR(VLOOKUP($B$4,[1]COMM!$E:$V,15,0),"") | O26: =SUM(C26:N26) -> 0 | P26: =COUNTIF(C26:N26,">0") -> 0
B27: FY 2024-25
B28: Category | C28: 45383 | D28: 45413 | E28: 45444 | F28: 45474 | G28: 45505 | H28: 45536 | I28: 45566 | J28: 45597 | K28: 45627 | L28: 45658 | M28: 45689 | N28: 45717 | O28: Total | P28: Average | Q28: Target | R28: Gap | S28: % | T28: Performance
B29: PMJDY AC | C29: =IFERROR(VLOOKUP($B$4,[2]AC!$G:$W,4,0),"") | D29: =IFERROR(VLOOKUP($B$4,[2]AC!$G:$W,5,0),"") | E29: =IFERROR(VLOOKUP($B$4,[2]AC!$G:$W,6,0),"") | F29: =IFERROR(VLOOKUP($B$4,[2]AC!$G:$W,7,0),"") | G29: =IFERROR(VLOOKUP($B$4,[2]AC!$G:$W,8,0),"") | H29: =IFERROR(VLOOKUP($B$4,[2]AC!$G:$W,9,0),"") | I29: =IFERROR(VLOOKUP($B$4,[2]AC!$G:$W,10,0),"") | J29: =IFERROR(VLOOKUP($B$4,[2]AC!$G:$W,11,0),"") | K29: =IFERROR(VLOOKUP($B$4,[2]AC!$G:$W,12,0),"") | L29: =IFERROR(VLOOKUP($B$4,[2]AC!$G:$W,13,0),"") | M29: =IFERROR(VLOOKUP($B$4,[2]AC!$G:$W,14,0),"") | N29: =IFERROR(VLOOKUP($B$4,[2]AC!$G:$W,15,0),"") | O29: =IFERROR(SUM(C29:N29),"") -> 0 | P29: =IFERROR(O29/$P$37,"") | Q29: =$P$37*30 -> 0 | R29: =Q29-O29 -> 0 | S29: =O29/($P$37*30) -> #DIV/0! | T29: =IFERROR(IF(S29>=90%,"Outstanding",IF(S29>=80%,"Excellent",IF(S29>=70%,"Very Good",IF(S29>=60%,"Good",IF(S29>=50%,"Average",IF(S29>=40%,"Below Average",IF(S29>=30%,"Poor",IF(S29>=20%,"Very Poor",IF(S29<=20%,"Not Satisfactory"))))))))),"")
B30: APY | C30: =IFERROR(VLOOKUP($B$4,[2]APY!$G:$X,5,0),"") | D30: =IFERROR(VLOOKUP($B$4,[2]APY!$G:$X,6,0),"") | E30: =IFERROR(VLOOKUP($B$4,[2]APY!$G:$X,7,0),"") | F30: =IFERROR(VLOOKUP($B$4,[2]APY!$G:$X,8,0),"") | G30: =IFERROR(VLOOKUP($B$4,[2]APY!$G:$X,9,0),"") | H30: =IFERROR(VLOOKUP($B$4,[2]APY!$G:$X,10,0),"") | I30: =IFERROR(VLOOKUP($B$4,[2]APY!$G:$X,11,0),"") | J30: =IFERROR(VLOOKUP($B$4,[2]APY!$G:$X,12,0),"") | K30: =IFERROR(VLOOKUP($B$4,[2]APY!$G:$X,13,0),"") | L30: =IFERROR(VLOOKUP($B$4,[2]APY!$G:$X,14,0),"") | M30: =IFERROR(VLOOKUP($B$4,[2]APY!$G:$X,15,0),"") | N30: =IFERROR(VLOOKUP($B$4,[2]APY!$G:$X,16,0),"") | O30: =IFERROR(SUM(C30:N30),"") -> 0 | P30: =IFERROR(O30/$P$37,"") | Q30: =$P$37*15 -> 0 | R30: =Q30-O30 -> 0 | S30: =O30/($P$37*15) -> #DIV/0! | T30: =IFERROR(IF(S30>=90%,"Outstanding",IF(S30>=80%,"Excellent",IF(S30>=70%,"Very Good",IF(S30>=60%,"Good",IF(S30>=50%,"Average",IF(S30>=40%,"Below Average",IF(S30>=30%,"Poor",IF(S30>=20%,"Very Poor",IF(S30<=20%,"Not Satisfactory"))))))))),"")
B31: PMJJBY | C31: =IFERROR(VLOOKUP($B$4,[2]JJBY!$G:$X,5,0),"") | D31: =IFERROR(VLOOKUP($B$4,[2]JJBY!$G:$X,6,0),"") | E31: =IFERROR(VLOOKUP($B$4,[2]JJBY!$G:$X,7,0),"") | F31: =IFERROR(VLOOKUP($B$4,[2]JJBY!$G:$X,8,0),"") | G31: =IFERROR(VLOOKUP($B$4,[2]JJBY!$G:$X,9,0),"") | H31: =IFERROR(VLOOKUP($B$4,[2]JJBY!$G:$X,10,0),"") | I31: =IFERROR(VLOOKUP($B$4,[2]JJBY!$G:$X,11,0),"") | J31: =IFERROR(VLOOKUP($B$4,[2]JJBY!$G:$X,12,0),"") | K31: =IFERROR(VLOOKUP($B$4,[2]JJBY!$G:$X,13,0),"") | L31: =IFERROR(VLOOKUP($B$4,[2]JJBY!$G:$X,14,0),"") | M31: =IFERROR(VLOOKUP($B$4,[2]JJBY!$G:$X,15,0),"") | N31: =IFERROR(VLOOKUP($B$4,[2]JJBY!$G:$X,16,0),"") | O31: =IFERROR(SUM(C31:N31),"") -> 0 | P31: =IFERROR(O31/$P$37,"") | Q31: =$P$37*12 -> 0 | R31: =Q31-O31 -> 0 | S31: =O31/($P$37*12) -> #DIV/0! | T31: =IFERROR(IF(S31>=90%,"Outstanding",IF(S31>=80%,"Excellent",IF(S31>=70%,"Very Good",IF(S31>=60%,"Good",IF(S31>=50%,"Average",IF(S31>=40%,"Below Average",IF(S31>=30%,"Poor",IF(S31>=20%,"Very Poor",IF(S31<=20%,"Not Satisfactory"))))))))),"")
B32: PMSBY | C32: =IFERROR(VLOOKUP($B$4,[2]SBY!$G:$X,5,0),"") | D32: =IFERROR(VLOOKUP($B$4,[2]SBY!$G:$X,6,0),"") | E32: =IFERROR(VLOOKUP($B$4,[2]SBY!$G:$X,7,0),"") | F32: =IFERROR(VLOOKUP($B$4,[2]SBY!$G:$X,8,0),"") | G32: =IFERROR(VLOOKUP($B$4,[2]SBY!$G:$X,9,0),"") | H32: =IFERROR(VLOOKUP($B$4,[2]SBY!$G:$X,10,0),"") | I32: =IFERROR(VLOOKUP($B$4,[2]SBY!$G:$X,11,0),"") | J32: =IFERROR(VLOOKUP($B$4,[2]SBY!$G:$X,12,0),"") | K32: =IFERROR(VLOOKUP($B$4,[2]SBY!$G:$X,13,0),"") | L32: =IFERROR(VLOOKUP($B$4,[2]SBY!$G:$X,14,0),"") | M32: =IFERROR(VLOOKUP($B$4,[2]SBY!$G:$X,15,0),"") | N32: =IFERROR(VLOOKUP($B$4,[2]SBY!$G:$X,16,0),"") | O32: =IFERROR(SUM(C32:N32),"") -> 0 | P32: =IFERROR(O32/$P$37,"") | Q32: =$P$37*24 -> 0 | R32: =Q32-O32 -> 0 | S32: =O32/($P$37*24) -> #DIV/0! | T32: =IFERROR(IF(S32>=90%,"Outstanding",IF(S32>=80%,"Excellent",IF(S32>=70%,"Very Good",IF(S32>=60%,"Good",IF(S32>=50%,"Average",IF(S32>=40%,"Below Average",IF(S32>=30%,"Poor",IF(S32>=20%,"Very Poor",IF(S32<=20%,"Not Satisfactory"))))))))),"")
B33: Daily LogIn | C33: =IFERROR(VLOOKUP($B$4,[2]Log!$G:$V,3,0),"") | D33: =IFERROR(VLOOKUP($B$4,[2]Log!$G:$V,4,0),"") | F33: =IFERROR(VLOOKUP($B$4,[2]Log!$G:$V,6,0),"") | G33: =IFERROR(VLOOKUP($B$4,[2]Log!$G:$V,7,0),"") | H33: =IFERROR(VLOOKUP($B$4,[2]Log!$G:$V,8,0),"") | I33: =IFERROR(VLOOKUP($B$4,[2]Log!$G:$V,9,0),"") | J33: =IFERROR(VLOOKUP($B$4,[2]Log!$G:$V,10,0),"") | K33: =IFERROR(VLOOKUP($B$4,[2]Log!$G:$V,11,0),"") | L33: =IFERROR(VLOOKUP($B$4,[2]Log!$G:$V,12,0),"") | M33: =IFERROR(VLOOKUP($B$4,[2]Log!$G:$V,13,0),"") | N33: =IFERROR(VLOOKUP($B$4,[2]Log!$G:$V,14,0),"") | O33: =SUM(C33:N33) -> 0 | P33: =IFERROR(O33/$P$37,"") | Q33: Monthly Target: AC -30, APY - 15, PMJJBY - 12, PMSBY - 24
B34: Transaction | C34: =IFERROR(VLOOKUP($B$4,'[2]FI txn'!$G:$W,3,0),"") | D34: =IFERROR(VLOOKUP($B$4,'[2]FI txn'!$G:$W,4,0),"") | E34: =IFERROR(VLOOKUP($B$4,'[2]FI txn'!$G:$W,5,0),"") | F34: =IFERROR(VLOOKUP($B$4,'[2]FI txn'!$G:$W,6,0),"") | G34: =IFERROR(VLOOKUP($B$4,'[2]FI txn'!$G:$W,7,0),"") | H34: =IFERROR(VLOOKUP($B$4,'[2]FI txn'!$G:$W,8,0),"") | I34: =IFERROR(VLOOKUP($B$4,'[2]FI txn'!$G:$W,9,0),"") | J34: =IFERROR(VLOOKUP($B$4,'[2]FI txn'!$G:$W,10,0),"") | K34: =IFERROR(VLOOKUP($B$4,'[2]FI txn'!$G:$W,11,0),"") | L34: =IFERROR(VLOOKUP($B$4,'[2]FI txn'!$G:$W,12,0),"") | M34: =IFERROR(VLOOKUP($B$4,'[2]FI txn'!$G:$W,13,0),"") | N34: =IFERROR(VLOOKUP($B$4,'[2]FI txn'!$G:$W,14,0),"") | O34: =SUM(C34:N34) -> 0 | P34: =IFERROR(O34/$P$37,"")
B35: Commission | C35: =IFERROR(C37*80%,"") | D35: =IFERROR(D37*80%,"") | E35: =IFERROR(E37*80%,"") | F35: =IFERROR(F37*80%,"") | G35: =IFERROR(G37*80%,"") | H35: =IFERROR(H37*80%,"") | I35: =IFERROR(I37*80%,"") | J35: =IFERROR(J37*80%,"") | ... N35: =IFERROR(N37*80%,"") | O35: =IFERROR(SUM(C35:N35),"") -> 0 | P35: =IFERROR(O35/$P$37,"")
B37: Commission | C37: =IFERROR(VLOOKUP($B$4,[2]Comm!$G:$W,4,0),"") | D37: =IFERROR(VLOOKUP($B$4,[2]Comm!$G:$W,5,0),"") | E37: =IFERROR(VLOOKUP($B$4,[2]Comm!$G:$W,6,0),"") | F37: =IFERROR(VLOOKUP($B$4,[2]Comm!$G:$W,7,0),"") | G37: =IFERROR(VLOOKUP($B$4,[2]Comm!$G:$W,8,0),"") | H37: =IFERROR(VLOOKUP($B$4,[2]Comm!$G:$W,9,0),"") | I37: =IFERROR(VLOOKUP($B$4,[2]Comm!$G:$W,10,0),"") | J37: =IFERROR(VLOOKUP($B$4,[2]Comm!$G:$W,11,0),"") | K37: =IFERROR(VLOOKUP($B$4,[2]Comm!$G:$W,12,0),"") | L37: =IFERROR(VLOOKUP($B$4,[2]Comm!$G:$W,13,0),"") | M37: =IFERROR(VLOOKUP($B$4,[2]Comm!$G:$W,14,0),"") | N37: =IFERROR(VLOOKUP($B$4,[2]Comm!$G:$W,15,0),"") | O37: =SUM(C37:N37) -> 0 | P37: =COUNTIF(C37:N37,">0") -> 0

Sheet ZO Wise
B2: UCO Bank: Performance Summarized FY 2026-27 | Q2: till - | R2: =TODAY()-1 -> 46271
B3: ZO Name | C3: Total Code | D3: Active Code | E3: Inactive Code | F3: Category | G3: 46113 | H3: 46143 | I3: 46174 | J3: 46204 | K3: 46235 | L3: 46266 | M3: 46296 | N3: 46327 | O3: 46357 | P3: 46388 | Q3: 46419 | R3: 46447 | S3: Total
B4: Siliguri | C4: =D4+E4 -> 29 | D4: =VLOOKUP($B$4,'Z Code'!$A:$D,2,0) -> 21 | E4: =VLOOKUP($B$4,'Z Code'!$A:$D,3,0) -> 8 | F4: Account | G4: =VLOOKUP($B$4,'Z AC'!$A:$N,2,0) -> 213 | H4: =VLOOKUP($B$4,'Z AC'!$A:$N,3,0) -> 333 | I4: =VLOOKUP($B$4,'Z AC'!$A:$N,4,0) -> 380 | J4: =VLOOKUP($B$4,'Z AC'!$A:$N,5,0) -> 451 | K4: =VLOOKUP($B$4,'Z AC'!$A:$N,6,0) -> 323 | L4: =VLOOKUP($B$4,'Z AC'!$A:$N,7,0) -> 71 | M4: =VLOOKUP($B$4,'Z AC'!$A:$N,8,0) -> 0 | N4: =VLOOKUP($B$4,'Z AC'!$A:$N,9,0) -> 0 | O4: =VLOOKUP($B$4,'Z AC'!$A:$N,10,0) -> 0 | P4: =VLOOKUP($B$4,'Z AC'!$A:$N,11,0) -> 0 | Q4: =VLOOKUP($B$4,'Z AC'!$A:$N,12,0) -> 0 | R4: =VLOOKUP($B$4,'Z AC'!$A:$N,13,0) -> 0 | S4: =SUM(G4:R4) -> 1771 | U4: =I4/$C$4 -> 13.103448
F5: APY | G5: =VLOOKUP($B$4,'Z APY'!$A:$N,2,0) -> 8 | H5: =VLOOKUP($B$4,'Z APY'!$A:$N,3,0) -> 6 | I5: =VLOOKUP($B$4,'Z APY'!$A:$N,4,0) -> 24 | J5: =VLOOKUP($B$4,'Z APY'!$A:$N,5,0) -> 39 | K5: =VLOOKUP($B$4,'Z APY'!$A:$N,6,0) -> 41 | L5: =VLOOKUP($B$4,'Z APY'!$A:$N,7,0) -> 3 | M5: =VLOOKUP($B$4,'Z APY'!$A:$N,8,0) -> 0 | N5: =VLOOKUP($B$4,'Z APY'!$A:$N,9,0) -> 0 | O5: =VLOOKUP($B$4,'Z APY'!$A:$N,10,0) -> 0 | P5: =VLOOKUP($B$4,'Z APY'!$A:$N,11,0) -> 0 | Q5: =VLOOKUP($B$4,'Z APY'!$A:$N,12,0) -> 0 | R5: =VLOOKUP($B$4,'Z APY'!$A:$N,13,0) -> 0 | S5: =SUM(G5:R5) -> 121 | U5: =I5/$C$4 -> 0.82758621
F6: PMJJBY | G6: =VLOOKUP($B$4,'Z JJBY'!$A:$N,2,0) -> 40 | H6: =VLOOKUP($B$4,'Z JJBY'!$A:$N,3,0) -> 35 | I6: =VLOOKUP($B$4,'Z JJBY'!$A:$N,4,0) -> 31 | J6: =VLOOKUP($B$4,'Z JJBY'!$A:$N,5,0) -> 29 | K6: =VLOOKUP($B$4,'Z JJBY'!$A:$N,6,0) -> 20 | L6: =VLOOKUP($B$4,'Z JJBY'!$A:$N,7,0) -> 4 | M6: =VLOOKUP($B$4,'Z JJBY'!$A:$N,8,0) -> 0 | N6: =VLOOKUP($B$4,'Z JJBY'!$A:$N,9,0) -> 0 | O6: =VLOOKUP($B$4,'Z JJBY'!$A:$N,10,0) -> 0 | P6: =VLOOKUP($B$4,'Z JJBY'!$A:$N,11,0) -> 0 | Q6: =VLOOKUP($B$4,'Z JJBY'!$A:$N,12,0) -> 0 | R6: =VLOOKUP($B$4,'Z JJBY'!$A:$N,13,0) -> 0 | S6: =SUM(G6:R6) -> 159 | U6: =I6/$C$4 -> 1.0689655
F7: PMSBY | G7: =VLOOKUP($B$4,'Z SBY'!$A:$N,2,0) -> 141 | H7: =VLOOKUP($B$4,'Z SBY'!$A:$N,3,0) -> 206 | I7: =VLOOKUP($B$4,'Z SBY'!$A:$N,4,0) -> 214 | J7: =VLOOKUP($B$4,'Z SBY'!$A:$N,5,0) -> 290 | K7: =VLOOKUP($B$4,'Z SBY'!$A:$N,6,0) -> 201 | L7: =VLOOKUP($B$4,'Z SBY'!$A:$N,7,0) -> 43 | M7: =VLOOKUP($B$4,'Z SBY'!$A:$N,8,0) -> 0 | N7: =VLOOKUP($B$4,'Z SBY'!$A:$N,9,0) -> 0 | O7: =VLOOKUP($B$4,'Z SBY'!$A:$N,10,0) -> 0 | P7: =VLOOKUP($B$4,'Z SBY'!$A:$N,11,0) -> 0 | Q7: =VLOOKUP($B$4,'Z SBY'!$A:$N,12,0) -> 0 | R7: =VLOOKUP($B$4,'Z SBY'!$A:$N,13,0) -> 0 | S7: =SUM(G7:R7) -> 1095 | U7: =I7/$C$4 -> 7.3793103
B9: UCO Bank: Performance Summarized FY 2026-27 | Q9: till - | R9: =R2 -> 46271
B10: ZO Name | C10: Total Code | D10: Active Code | E10: Inactive Code | F10: Category | G10: 46113 | H10: 46143 | I10: 46174 | J10: 46204 | K10: 46235 | L10: 46266 | M10: 46296 | N10: 46327 | O10: 46357 | P10: 46388 | Q10: 46419 | R10: 46447 | S10: Total
B11: Durgapur | C11: =D11+E11 -> 26 | D11: =VLOOKUP($B$11,'Z Code'!$A:$D,2,0) -> 16 | E11: =VLOOKUP($B$11,'Z Code'!$A:$D,3,0) -> 10 | F11: Account | G11: =VLOOKUP($B$11,'Z AC'!$A:$N,2,0) -> 186 | H11: =VLOOKUP($B$11,'Z AC'!$A:$N,3,0) -> 577 | I11: =VLOOKUP($B$11,'Z AC'!$A:$N,4,0) -> 296 | J11: =VLOOKUP($B$11,'Z AC'!$A:$N,5,0) -> 426 | K11: =VLOOKUP($B$11,'Z AC'!$A:$N,6,0) -> 265 | L11: =VLOOKUP($B$11,'Z AC'!$A:$N,7,0) -> 44 | M11: =VLOOKUP($B$11,'Z AC'!$A:$N,8,0) -> 0 | N11: =VLOOKUP($B$11,'Z AC'!$A:$N,9,0) -> 0 | O11: =VLOOKUP($B$11,'Z AC'!$A:$N,10,0) -> 0 | P11: =VLOOKUP($B$11,'Z AC'!$A:$N,11,0) -> 0 | Q11: =VLOOKUP($B$11,'Z AC'!$A:$N,12,0) -> 0 | R11: =VLOOKUP($B$11,'Z AC'!$A:$N,13,0) -> 0 | S11: =SUM(G11:R11) -> 1794
F12: APY | G12: =VLOOKUP($B$11,'Z APY'!$A:$N,2,0) -> 9 | H12: =VLOOKUP($B$11,'Z APY'!$A:$N,3,0) -> 13 | I12: =VLOOKUP($B$11,'Z APY'!$A:$N,4,0) -> 29 | J12: =VLOOKUP($B$11,'Z APY'!$A:$N,5,0) -> 16 | K12: =VLOOKUP($B$11,'Z APY'!$A:$N,6,0) -> 43 | L12: =VLOOKUP($B$11,'Z APY'!$A:$N,7,0) -> 6 | M12: =VLOOKUP($B$11,'Z APY'!$A:$N,8,0) -> 0 | N12: =VLOOKUP($B$11,'Z APY'!$A:$N,9,0) -> 0 | O12: =VLOOKUP($B$11,'Z APY'!$A:$N,10,0) -> 0 | P12: =VLOOKUP($B$11,'Z APY'!$A:$N,11,0) -> 0 | Q12: =VLOOKUP($B$11,'Z APY'!$A:$N,12,0) -> 0 | R12: =VLOOKUP($B$11,'Z APY'!$A:$N,13,0) -> 0 | S12: =SUM(G12:R12) -> 116
F13: PMJJBY | G13: =VLOOKUP($B$11,'Z JJBY'!$A:$N,2,0) -> 72 | H13: =VLOOKUP($B$11,'Z JJBY'!$A:$N,3,0) -> 186 | I13: =VLOOKUP($B$11,'Z JJBY'!$A:$N,4,0) -> 40 | J13: =VLOOKUP($B$11,'Z JJBY'!$A:$N,5,0) -> 67 | K13: =VLOOKUP($B$11,'Z JJBY'!$A:$N,6,0) -> 37 | L13: =VLOOKUP($B$11,'Z JJBY'!$A:$N,7,0) -> 6 | M13: =VLOOKUP($B$11,'Z JJBY'!$A:$N,8,0) -> 0 | N13: =VLOOKUP($B$11,'Z JJBY'!$A:$N,9,0) -> 0 | O13: =VLOOKUP($B$11,'Z JJBY'!$A:$N,10,0) -> 0 | P13: =VLOOKUP($B$11,'Z JJBY'!$A:$N,11,0) -> 0 | Q13: =VLOOKUP($B$11,'Z JJBY'!$A:$N,12,0) -> 0 | R13: =VLOOKUP($B$11,'Z JJBY'!$A:$N,13,0) -> 0 | S13: =SUM(G13:R13) -> 408
F14: PMSBY | G14: =VLOOKUP($B$11,'Z SBY'!$A:$N,2,0) -> 124 | H14: =VLOOKUP($B$11,'Z SBY'!$A:$N,3,0) -> 437 | I14: =VLOOKUP($B$11,'Z SBY'!$A:$N,4,0) -> 201 | J14: =VLOOKUP($B$11,'Z SBY'!$A:$N,5,0) -> 267 | K14: =VLOOKUP($B$11,'Z SBY'!$A:$N,6,0) -> 196 | L14: =VLOOKUP($B$11,'Z SBY'!$A:$N,7,0) -> 29 | M14: =VLOOKUP($B$11,'Z SBY'!$A:$N,8,0) -> 0 | N14: =VLOOKUP($B$11,'Z SBY'!$A:$N,9,0) -> 0 | O14: =VLOOKUP($B$11,'Z SBY'!$A:$N,10,0) -> 0 | P14: =VLOOKUP($B$11,'Z SBY'!$A:$N,11,0) -> 0 | Q14: =VLOOKUP($B$11,'Z SBY'!$A:$N,12,0) -> 0 | R14: =VLOOKUP($B$11,'Z SBY'!$A:$N,13,0) -> 0 | S14: =SUM(G14:R14) -> 1254
B16: UCO Bank: Performance Summarized FY 2026-27 | Q16: till - | R16: =R2 -> 46271
B17: ZO Name | C17: Total Code | D17: Active Code | E17: Inactive Code | F17: Category | G17: 46113 | H17: 46143 | I17: 46174 | J17: 46204 | K17: 46235 | L17: 46266 | M17: 46296 | N17: 46327 | O17: 46357 | P17: 46388 | Q17: 46419 | R17: 46447 | S17: Total
B18: Hooghly | C18: =D18+E18 -> 47 | D18: =VLOOKUP($B$18,'Z Code'!$A:$D,2,0) -> 41 | E18: =VLOOKUP($B$18,'Z Code'!$A:$D,3,0) -> 6 | F18: Account | G18: =VLOOKUP($B$18,'Z AC'!$A:$N,2,0) -> 188 | H18: =VLOOKUP($B$18,'Z AC'!$A:$N,3,0) -> 522 | I18: =VLOOKUP($B$18,'Z AC'!$A:$N,4,0) -> 455 | J18: =VLOOKUP($B$18,'Z AC'!$A:$N,5,0) -> 463 | K18: =VLOOKUP($B$18,'Z AC'!$A:$N,6,0) -> 347 | L18: =VLOOKUP($B$18,'Z AC'!$A:$N,7,0) -> 48 | M18: =VLOOKUP($B$18,'Z AC'!$A:$N,8,0) -> 0 | N18: =VLOOKUP($B$18,'Z AC'!$A:$N,9,0) -> 0 | O18: =VLOOKUP($B$18,'Z AC'!$A:$N,10,0) -> 0 | P18: =VLOOKUP($B$18,'Z AC'!$A:$N,11,0) -> 0 | Q18: =VLOOKUP($B$18,'Z AC'!$A:$N,12,0) -> 0 | R18: =VLOOKUP($B$18,'Z AC'!$A:$N,13,0) -> 0 | S18: =SUM(G18:R18) -> 2023
F19: APY | G19: =VLOOKUP($B$18,'Z APY'!$A:$N,2,0) -> 21 | H19: =VLOOKUP($B$18,'Z APY'!$A:$N,3,0) -> 80 | I19: =VLOOKUP($B$18,'Z APY'!$A:$N,4,0) -> 47 | J19: =VLOOKUP($B$18,'Z APY'!$A:$N,5,0) -> 73 | K19: =VLOOKUP($B$18,'Z APY'!$A:$N,6,0) -> 90 | L19: =VLOOKUP($B$18,'Z APY'!$A:$N,7,0) -> 17 | M19: =VLOOKUP($B$18,'Z APY'!$A:$N,8,0) -> 0 | N19: =VLOOKUP($B$18,'Z APY'!$A:$N,9,0) -> 0 | O19: =VLOOKUP($B$18,'Z APY'!$A:$N,10,0) -> 0 | P19: =VLOOKUP($B$18,'Z APY'!$A:$N,11,0) -> 0 | Q19: =VLOOKUP($B$18,'Z APY'!$A:$N,13,0) -> 0 | R19: =VLOOKUP($B$18,'Z APY'!$A:$N,13,0) -> 0 | S19: =SUM(G19:R19) -> 328
F20: PMJJBY | G20: =VLOOKUP($B$18,'Z JJBY'!$A:$N,2,0) -> 101 | H20: =VLOOKUP($B$18,'Z JJBY'!$A:$N,3,0) -> 205 | I20: =VLOOKUP($B$18,'Z JJBY'!$A:$N,4,0) -> 146 | J20: =VLOOKUP($B$18,'Z JJBY'!$A:$N,5,0) -> 143 | K20: =VLOOKUP($B$18,'Z JJBY'!$A:$N,6,0) -> 167 | L20: =VLOOKUP($B$18,'Z JJBY'!$A:$N,7,0) -> 36 | M20: =VLOOKUP($B$18,'Z JJBY'!$A:$N,8,0) -> 0 | N20: =VLOOKUP($B$18,'Z JJBY'!$A:$N,9,0) -> 0 | O20: =VLOOKUP($B$18,'Z JJBY'!$A:$N,10,0) -> 0 | P20: =VLOOKUP($B$18,'Z JJBY'!$A:$N,11,0) -> 0 | Q20: =VLOOKUP($B$18,'Z JJBY'!$A:$N,12,0) -> 0 | R20: =VLOOKUP($B$18,'Z JJBY'!$A:$N,13,0) -> 0 | S20: =SUM(G20:R20) -> 798
F21: PMSBY | G21: =VLOOKUP($B$18,'Z SBY'!$A:$N,2,0) -> 179 | H21: =VLOOKUP($B$18,'Z SBY'!$A:$N,3,0) -> 492 | I21: =VLOOKUP($B$18,'Z SBY'!$A:$N,4,0) -> 346 | J21: =VLOOKUP($B$18,'Z SBY'!$A:$N,5,0) -> 355 | K21: =VLOOKUP($B$18,'Z SBY'!$A:$N,6,0) -> 299 | L21: =VLOOKUP($B$18,'Z SBY'!$A:$N,7,0) -> 52 | M21: =VLOOKUP($B$18,'Z SBY'!$A:$N,8,0) -> 0 | N21: =VLOOKUP($B$18,'Z SBY'!$A:$N,9,0) -> 0 | O21: =VLOOKUP($B$18,'Z SBY'!$A:$N,10,0) -> 0 | P21: =VLOOKUP($B$18,'Z SBY'!$A:$N,11,0) -> 0 | Q21: =VLOOKUP($B$18,'Z SBY'!$A:$N,12,0) -> 0 | R21: =VLOOKUP($B$18,'Z SBY'!$A:$N,13,0) -> 0 | S21: =SUM(G21:R21) -> 1723
B23: UCO Bank: Performance Summarized FY 2026-27 | Q23: till - | R23: =R2 -> 46271
B24: ZO Name | C24: Total Code | D24: Active Code | E24: Inactive Code | F24: Category | G24: 46113 | H24: 46143 | I24: 46174 | J24: 46204 | K24: 46235 | L24: 46266 | M24: 46296 | N24: 46327 | O24: 46357 | P24: 46388 | Q24: 46419 | R24: 46447 | S24: Total
B25: Saltlake | C25: =D25+E25 -> 1 | D25: =VLOOKUP($B$25,'Z Code'!$A:$D,2,0) -> 1 | E25: =VLOOKUP($B$25,'Z Code'!$A:$D,3,0) -> 0 | F25: Account | G25: =VLOOKUP($B$25,'Z AC'!$A:$N,2,0) -> 0 | H25: =VLOOKUP($B$25,'Z AC'!$A:$N,3,0) -> 0 | I25: =VLOOKUP($B$25,'Z AC'!$A:$N,4,0) -> 0 | J25: =VLOOKUP($B$25,'Z AC'!$A:$N,5,0) -> 0 | K25: =VLOOKUP($B$25,'Z AC'!$A:$N,6,0) -> 0 | L25: =VLOOKUP($B$25,'Z AC'!$A:$N,7,0) -> 1 | M25: =VLOOKUP($B$25,'Z AC'!$A:$N,8,0) -> 0 | N25: =VLOOKUP($B$25,'Z AC'!$A:$N,9,0) -> 0 | O25: =VLOOKUP($B$25,'Z AC'!$A:$N,10,0) -> 0 | P25: =VLOOKUP($B$25,'Z AC'!$A:$N,11,0) -> 0 | Q25: =VLOOKUP($B$25,'Z AC'!$A:$N,12,0) -> 0 | R25: =VLOOKUP($B$25,'Z AC'!$A:$N,13,0) -> 0 | S25: =SUM(G25:R25) -> 1
F26: APY | G26: =VLOOKUP($B$25,'Z APY'!$A:$N,2,0) -> 0 | H26: =VLOOKUP($B$25,'Z APY'!$A:$N,3,0) -> 0 | I26: =VLOOKUP($B$25,'Z APY'!$A:$N,4,0) -> 0 | J26: =VLOOKUP($B$25,'Z APY'!$A:$N,5,0) -> 0 | K26: =VLOOKUP($B$25,'Z APY'!$A:$N,6,0) -> 0 | L26: =VLOOKUP($B$25,'Z APY'!$A:$N,7,0) -> 0 | M26: =VLOOKUP($B$25,'Z APY'!$A:$N,8,0) -> 0 | N26: =VLOOKUP($B$25,'Z APY'!$A:$N,9,0) -> 0 | O26: =VLOOKUP($B$25,'Z APY'!$A:$N,10,0) -> 0 | P26: =VLOOKUP($B$25,'Z APY'!$A:$N,11,0) -> 0 | Q26: =VLOOKUP($B$25,'Z APY'!$A:$N,12,0) -> 0 | R26: =VLOOKUP($B$25,'Z APY'!$A:$N,13,0) -> 0 | S26: =SUM(G26:R26) -> 0
F27: PMJJBY | G27: =VLOOKUP($B$25,'Z JJBY'!$A:$N,2,0) -> 0 | H27: =VLOOKUP($B$25,'Z JJBY'!$A:$N,3,0) -> 0 | I27: =VLOOKUP($B$25,'Z JJBY'!$A:$N,4,0) -> 0 | J27: =VLOOKUP($B$25,'Z JJBY'!$A:$N,5,0) -> 0 | K27: =VLOOKUP($B$25,'Z JJBY'!$A:$N,6,0) -> 0 | L27: =VLOOKUP($B$25,'Z JJBY'!$A:$N,7,0) -> 0 | M27: =VLOOKUP($B$25,'Z JJBY'!$A:$N,8,0) -> 0 | N27: =VLOOKUP($B$25,'Z JJBY'!$A:$N,9,0) -> 0 | O27: =VLOOKUP($B$25,'Z JJBY'!$A:$N,10,0) -> 0 | P27: =VLOOKUP($B$25,'Z JJBY'!$A:$N,11,0) -> 0 | Q27: =VLOOKUP($B$25,'Z JJBY'!$A:$N,12,0) -> 0 | R27: =VLOOKUP($B$25,'Z JJBY'!$A:$N,13,0) -> 0 | S27: =SUM(G27:R27) -> 0
F28: PMSBY | G28: =VLOOKUP($B$25,'Z SBY'!$A:$N,2,0) -> 0 | H28: =VLOOKUP($B$25,'Z SBY'!$A:$N,3,0) -> 0 | I28: =VLOOKUP($B$25,'Z SBY'!$A:$N,4,0) -> 0 | J28: =VLOOKUP($B$25,'Z SBY'!$A:$N,5,0) -> 0 | K28: =VLOOKUP($B$25,'Z SBY'!$A:$N,6,0) -> 0 | L28: =VLOOKUP($B$25,'Z SBY'!$A:$N,7,0) -> 0 | M28: =VLOOKUP($B$25,'Z SBY'!$A:$N,8,0) -> 0 | N28: =VLOOKUP($B$25,'Z SBY'!$A:$N,9,0) -> 0 | O28: =VLOOKUP($B$25,'Z SBY'!$A:$N,10,0) -> 0 | P28: =VLOOKUP($B$25,'Z SBY'!$A:$N,11,0) -> 0 | Q28: =VLOOKUP($B$25,'Z SBY'!$A:$N,12,0) -> 0 | R28: =VLOOKUP($B$25,'Z SBY'!$A:$N,13,0) -> 0 | S28: =SUM(G28:R28) -> 0
B30: UCO Bank: Performance Summarized FY 2026-27 | Q30: till - | R30: =R2 -> 46271
B31: Total | C31: Total Code | D31: Active Code | E31: Inactive Code | F31: Category | G31: 46113 | H31: 46143 | I31: 46174 | J31: 46204 | K31: 46235 | L31: 46266 | M31: 46296 | N31: 46327 | O31: 46357 | P31: 46388 | Q31: 46419 | R31: 46447 | S31: Total
B32: West Bengal | C32: =C4+C11+C18 -> 102 | D32: =D4+D11+D18 -> 78 | E32: =E4+E11+E18 -> 24 | F32: Account | G32: =G4+G11+G18+G25 -> 587 | H32: =H4+H11+H18+H25 -> 1432 | I32: =I4+I11+I18+I25 -> 1131 | J32: =J4+J11+J18+J25 -> 1340 | K32: =K4+K11+K18+K25 -> 935 | L32: =L4+L11+L18+L25 -> 164 | M32: =M4+M11+M18+M25 -> 0 | N32: =N4+N11+N18+N25 -> 0 | ... R32: =R4+R11+R18+R25 -> 0 | S32: =SUM(G32:R32) -> 5589
F33: APY | G33: =G5+G12+G19+G26 -> 38 | H33: =H5+H12+H19+H26 -> 99 | I33: =I5+I12+I19+I26 -> 100 | J33: =J5+J12+J19+J26 -> 128 | K33: =K5+K12+K19+K26 -> 174 | L33: =L5+L12+L19+L26 -> 26 | M33: =M5+M12+M19+M26 -> 0 | N33: =N5+N12+N19+N26 -> 0 | ... R33: =R5+R12+R19+R26 -> 0 | S33: =SUM(G33:R33) -> 565
F34: PMJJBY | G34: =G6+G13+G20+G27 -> 213 | H34: =H6+H13+H20+H27 -> 426 | I34: =I6+I13+I20+I27 -> 217 | J34: =J6+J13+J20+J27 -> 239 | K34: =K6+K13+K20+K27 -> 224 | L34: =L6+L13+L20+L27 -> 46 | M34: =M6+M13+M20+M27 -> 0 | N34: =N6+N13+N20+N27 -> 0 | ... R34: =R6+R13+R20+R27 -> 0 | S34: =SUM(G34:R34) -> 1365
F35: PMSBY | G35: =G7+G14+G21+G28 -> 444 | H35: =H7+H14+H21+H28 -> 1135 | I35: =I7+I14+I21+I28 -> 761 | J35: =J7+J14+J21+J28 -> 912 | K35: =K7+K14+K21+K28 -> 696 | L35: =L7+L14+L21+L28 -> 124 | M35: =M7+M14+M21+M28 -> 0 | N35: =N7+N14+N21+N28 -> 0 | ... R35: =R7+R14+R21+R28 -> 0 | S35: =SUM(G35:R35) -> 4072
B37: Category | C37: Code | D37: Active Code | E37: Inactive Code | F37: AC | G37: APY | H37: JJBY | I37: SBY
B38: Total --> | C38: =C4+C11+C18+C25 -> 103 | D38: =D4+D11+D18+D25 -> 79 | E38: =E4+E11+E18+E25 -> 24 | F38: =S4+S11+S18+S25 -> 5589 | G38: =S5+S12+S19+S26 -> 565 | H38: =S6+S13+S20+S27 -> 1365 | I38: =S7+S14+S21+S28 -> 4072
B39: Siliguri | C39: =C4/$C$38 -> 0.2815534 | D39: =D4/D38 -> 0.26582278 | E39: =E4/E38 -> 0.33333333 | F39: =S4/F38 -> 0.31687243 | G39: =S5/G38 -> 0.21415929 | H39: =S6/H38 -> 0.11648352 | I39: =S7/I38 -> 0.26890963
B40: Durgapur | C40: =C11/C38 -> 0.25242718 | D40: =D11/D38 -> 0.20253165 | E40: =E11/E38 -> 0.41666667 | F40: =S11/F38 -> 0.32098765 | G40: =S12/G38 -> 0.20530973 | H40: =S13/H38 -> 0.2989011 | I40: =S14/I38 -> 0.30795678
B41: Hooghly | C41: =C18/C38 -> 0.45631068 | D41: =D18/D38 -> 0.51898734 | E41: =E18/E38 -> 0.25 | F41: =S18/F38 -> 0.36196099 | G41: =S19/G38 -> 0.58053097 | H41: =S20/H38 -> 0.58461538 | I41: =S21/I38 -> 0.4231336

Sheet DC Sum
B2: ACCOUNT: DC Wise Summary FY 2026-27 (UCO Bank) | W2: ACCOUNT: DC Wise Paticipants Summary FY 2026-27 (UCO Bank)
B3: Sl No | C3: DC Name | D3: Target | E3: 46113 | F3: 46143 | G3: 46174 | H3: 46204 | I3: 46235 | J3: 46266 | K3: 46296 | L3: 46327 | M3: 46357 | N3: 46388 | O3: 46419 | P3: 46447 | Q3: Total Account | R3: % of Achievement | W3: Sl No | X3: DC Name | Y3: 46113 | Z3: 46143 | AA3: 46174 | AB3: 46204 | AC3: 46235 | AD3: 46266 | AE3: 46296 | AF3: 46327 | AG3: 46357 | AH3: 46388 | AI3: 46419 | AJ3: 46447 | AK3: Total Count
B4: =ROW()-ROW($B$3) -> 1 | C4: Shyamalesh Sarkar | D4: =VLOOKUP(C4,'AC Pivot'!$A:$O,2,0) -> 540 | E4: =VLOOKUP(C4,'AC Pivot'!$A:$O,3,0) -> 66 | F4: =VLOOKUP(C4,'AC Pivot'!$A:$O,4,0) -> 81 | G4: =VLOOKUP(C4,'AC Pivot'!$A:$O,5,0) -> 104 | H4: =VLOOKUP(C4,'AC Pivot'!$A:$O,6,0) -> 142 | I4: =VLOOKUP(C4,'AC Pivot'!$A:$O,7,0) -> 69 | J4: =VLOOKUP(C4,'AC Pivot'!$A:$O,8,0) -> 10 | K4: =VLOOKUP(C4,'AC Pivot'!$A:$O,9,0) -> 0 | L4: =VLOOKUP(C4,'AC Pivot'!$A:$O,10,0) -> 0 | M4: =VLOOKUP(C4,'AC Pivot'!$A:$O,11,0) -> 0 | N4: =VLOOKUP(C4,'AC Pivot'!$A:$O,12,0) -> 0 | O4: =VLOOKUP(C4,'AC Pivot'!$A:$O,13,0) -> 0 | P4: =VLOOKUP(C4,'AC Pivot'!$A:$O,14,0) -> 0 | Q4: =SUM(E4:P4) -> 472 | R4: =Q4/D4 -> 0.87407407 | W4: =ROW()-ROW($B$3) -> 1 | X4: =C4 -> Shyamalesh Sarkar | Y4: =VLOOKUP(X4,'AC Pivot'!$Q:$AD,2,0) -> 3 | Z4: =VLOOKUP(X4,'AC Pivot'!$Q:$AD,3,0) -> 3 | AA4: =VLOOKUP(X4,'AC Pivot'!$Q:$AD,4,0) -> 3 | AB4: =VLOOKUP(X4,'AC Pivot'!$Q:$AD,5,0) -> 3 | AC4: =VLOOKUP(X4,'AC Pivot'!$Q:$AD,6,0) -> 3 | AD4: =VLOOKUP(X4,'AC Pivot'!$Q:$AD,7,0) -> 3 | AE4: =VLOOKUP(X4,'AC Pivot'!$Q:$AD,8,0) -> 0 | AF4: =VLOOKUP(X4,'AC Pivot'!$Q:$AD,9,0) -> 0 | AG4: =VLOOKUP(X4,'AC Pivot'!$Q:$AD,10,0) -> 0 | AH4: =VLOOKUP(X4,'AC Pivot'!$Q:$AD,11,0) -> 0 | AI4: =VLOOKUP(X4,'AC Pivot'!$Q:$AD,12,0) -> 0 | AJ4: =VLOOKUP(X4,'AC Pivot'!$Q:$AD,13,0) -> 0 | AK4: =VLOOKUP(X4,'AC Pivot'!$Q:$AD,14,0) -> 3
B5: =ROW()-ROW($B$3) -> 2 | C5: Chandi Charan Mahato | D5: =VLOOKUP(C5,'AC Pivot'!$A:$O,2,0) -> 840 | E5: =VLOOKUP(C5,'AC Pivot'!$A:$O,3,0) -> 81 | F5: =VLOOKUP(C5,'AC Pivot'!$A:$O,4,0) -> 145 | G5: =VLOOKUP(C5,'AC Pivot'!$A:$O,5,0) -> 81 | H5: =VLOOKUP(C5,'AC Pivot'!$A:$O,6,0) -> 92 | I5: =VLOOKUP(C5,'AC Pivot'!$A:$O,7,0) -> 89 | J5: =VLOOKUP(C5,'AC Pivot'!$A:$O,8,0) -> 10 | K5: =VLOOKUP(C5,'AC Pivot'!$A:$O,9,0) -> 0 | L5: =VLOOKUP(C5,'AC Pivot'!$A:$O,10,0) -> 0 | M5: =VLOOKUP(C5,'AC Pivot'!$A:$O,11,0) -> 0 | N5: =VLOOKUP(C5,'AC Pivot'!$A:$O,12,0) -> 0 | O5: =VLOOKUP(C5,'AC Pivot'!$A:$O,13,0) -> 0 | P5: =VLOOKUP(C5,'AC Pivot'!$A:$O,14,0) -> 0 | Q5: =SUM(E5:P5) -> 498 | R5: =Q5/D5 -> 0.59285714 | W5: =ROW()-ROW($B$3) -> 2 | X5: =C5 -> Chandi Charan Mahato | Y5: =VLOOKUP(X5,'AC Pivot'!$Q:$AD,2,0) -> 4 | Z5: =VLOOKUP(X5,'AC Pivot'!$Q:$AD,3,0) -> 5 | AA5: =VLOOKUP(X5,'AC Pivot'!$Q:$AD,4,0) -> 4 | AB5: =VLOOKUP(X5,'AC Pivot'!$Q:$AD,5,0) -> 4 | AC5: =VLOOKUP(X5,'AC Pivot'!$Q:$AD,6,0) -> 4 | AD5: =VLOOKUP(X5,'AC Pivot'!$Q:$AD,7,0) -> 3 | AE5: =VLOOKUP(X5,'AC Pivot'!$Q:$AD,8,0) -> 0 | AF5: =VLOOKUP(X5,'AC Pivot'!$Q:$AD,9,0) -> 0 | AG5: =VLOOKUP(X5,'AC Pivot'!$Q:$AD,10,0) -> 0 | AH5: =VLOOKUP(X5,'AC Pivot'!$Q:$AD,11,0) -> 0 | AI5: =VLOOKUP(X5,'AC Pivot'!$Q:$AD,12,0) -> 0 | AJ5: =VLOOKUP(X5,'AC Pivot'!$Q:$AD,13,0) -> 0 | AK5: =VLOOKUP(X5,'AC Pivot'!$Q:$AD,14,0) -> 5
B6: =ROW()-ROW($B$3) -> 3 | C6: Pijush Singha | D6: =VLOOKUP(C6,'AC Pivot'!$A:$O,2,0) -> 360 | E6: =VLOOKUP(C6,'AC Pivot'!$A:$O,3,0) -> 25 | F6: =VLOOKUP(C6,'AC Pivot'!$A:$O,4,0) -> 50 | G6: =VLOOKUP(C6,'AC Pivot'!$A:$O,5,0) -> 24 | H6: =VLOOKUP(C6,'AC Pivot'!$A:$O,6,0) -> 47 | I6: =VLOOKUP(C6,'AC Pivot'!$A:$O,7,0) -> 33 | J6: =VLOOKUP(C6,'AC Pivot'!$A:$O,8,0) -> 9 | K6: =VLOOKUP(C6,'AC Pivot'!$A:$O,9,0) -> 0 | L6: =VLOOKUP(C6,'AC Pivot'!$A:$O,10,0) -> 0 | M6: =VLOOKUP(C6,'AC Pivot'!$A:$O,11,0) -> 0 | N6: =VLOOKUP(C6,'AC Pivot'!$A:$O,12,0) -> 0 | O6: =VLOOKUP(C6,'AC Pivot'!$A:$O,13,0) -> 0 | P6: =VLOOKUP(C6,'AC Pivot'!$A:$O,14,0) -> 0 | Q6: =SUM(E6:P6) -> 188 | R6: =Q6/D6 -> 0.52222222 | W6: =ROW()-ROW($B$3) -> 3 | X6: =C6 -> Pijush Singha | Y6: =VLOOKUP(X6,'AC Pivot'!$Q:$AD,2,0) -> 2 | Z6: =VLOOKUP(X6,'AC Pivot'!$Q:$AD,3,0) -> 2 | AA6: =VLOOKUP(X6,'AC Pivot'!$Q:$AD,4,0) -> 2 | AB6: =VLOOKUP(X6,'AC Pivot'!$Q:$AD,5,0) -> 2 | AC6: =VLOOKUP(X6,'AC Pivot'!$Q:$AD,6,0) -> 2 | AD6: =VLOOKUP(X6,'AC Pivot'!$Q:$AD,7,0) -> 2 | AE6: =VLOOKUP(X6,'AC Pivot'!$Q:$AD,8,0) -> 0 | AF6: =VLOOKUP(X6,'AC Pivot'!$Q:$AD,9,0) -> 0 | AG6: =VLOOKUP(X6,'AC Pivot'!$Q:$AD,10,0) -> 0 | AH6: =VLOOKUP(X6,'AC Pivot'!$Q:$AD,11,0) -> 0 | AI6: =VLOOKUP(X6,'AC Pivot'!$Q:$AD,12,0) -> 0 | AJ6: =VLOOKUP(X6,'AC Pivot'!$Q:$AD,13,0) -> 0 | AK6: =VLOOKUP(X6,'AC Pivot'!$Q:$AD,14,0) -> 2
B7: =ROW()-ROW($B$3) -> 4 | C7: Sunil Biswas | D7: =VLOOKUP(C7,'AC Pivot'!$A:$O,2,0) -> 2220 | E7: =VLOOKUP(C7,'AC Pivot'!$A:$O,3,0) -> 92 | F7: =VLOOKUP(C7,'AC Pivot'!$A:$O,4,0) -> 386 | G7: =VLOOKUP(C7,'AC Pivot'!$A:$O,5,0) -> 176 | H7: =VLOOKUP(C7,'AC Pivot'!$A:$O,6,0) -> 301 | I7: =VLOOKUP(C7,'AC Pivot'!$A:$O,7,0) -> 137 | J7: =VLOOKUP(C7,'AC Pivot'!$A:$O,8,0) -> 21 | K7: =VLOOKUP(C7,'AC Pivot'!$A:$O,9,0) -> 0 | L7: =VLOOKUP(C7,'AC Pivot'!$A:$O,10,0) -> 0 | M7: =VLOOKUP(C7,'AC Pivot'!$A:$O,11,0) -> 0 | N7: =VLOOKUP(C7,'AC Pivot'!$A:$O,12,0) -> 0 | O7: =VLOOKUP(C7,'AC Pivot'!$A:$O,13,0) -> 0 | P7: =VLOOKUP(C7,'AC Pivot'!$A:$O,14,0) -> 0 | Q7: =SUM(E7:P7) -> 1113 | R7: =Q7/D7 -> 0.50135135 | W7: =ROW()-ROW($B$3) -> 4 | X7: =C7 -> Sunil Biswas | Y7: =VLOOKUP(X7,'AC Pivot'!$Q:$AD,2,0) -> 13 | Z7: =VLOOKUP(X7,'AC Pivot'!$Q:$AD,3,0) -> 11 | AA7: =VLOOKUP(X7,'AC Pivot'!$Q:$AD,4,0) -> 12 | AB7: =VLOOKUP(X7,'AC Pivot'!$Q:$AD,5,0) -> 13 | AC7: =VLOOKUP(X7,'AC Pivot'!$Q:$AD,6,0) -> 12 | AD7: =VLOOKUP(X7,'AC Pivot'!$Q:$AD,7,0) -> 9 | AE7: =VLOOKUP(X7,'AC Pivot'!$Q:$AD,8,0) -> 0 | AF7: =VLOOKUP(X7,'AC Pivot'!$Q:$AD,9,0) -> 0 | AG7: =VLOOKUP(X7,'AC Pivot'!$Q:$AD,10,0) -> 0 | AH7: =VLOOKUP(X7,'AC Pivot'!$Q:$AD,11,0) -> 0 | AI7: =VLOOKUP(X7,'AC Pivot'!$Q:$AD,12,0) -> 0 | AJ7: =VLOOKUP(X7,'AC Pivot'!$Q:$AD,13,0) -> 0 | AK7: =VLOOKUP(X7,'AC Pivot'!$Q:$AD,14,0) -> 15
B8: =ROW()-ROW($B$3) -> 5 | C8: Sanjoy Paul | D8: =VLOOKUP(C8,'AC Pivot'!$A:$O,2,0) -> 180 | E8: =VLOOKUP(C8,'AC Pivot'!$A:$O,3,0) -> 13 | F8: =VLOOKUP(C8,'AC Pivot'!$A:$O,4,0) -> 20 | G8: =VLOOKUP(C8,'AC Pivot'!$A:$O,5,0) -> 9 | H8: =VLOOKUP(C8,'AC Pivot'!$A:$O,6,0) -> 19 | I8: =VLOOKUP(C8,'AC Pivot'!$A:$O,7,0) -> 14 | J8: =VLOOKUP(C8,'AC Pivot'!$A:$O,8,0) -> 1 | K8: =VLOOKUP(C8,'AC Pivot'!$A:$O,9,0) -> 0 | L8: =VLOOKUP(C8,'AC Pivot'!$A:$O,10,0) -> 0 | M8: =VLOOKUP(C8,'AC Pivot'!$A:$O,11,0) -> 0 | N8: =VLOOKUP(C8,'AC Pivot'!$A:$O,12,0) -> 0 | O8: =VLOOKUP(C8,'AC Pivot'!$A:$O,13,0) -> 0 | P8: =VLOOKUP(C8,'AC Pivot'!$A:$O,14,0) -> 0 | Q8: =SUM(E8:P8) -> 76 | R8: =Q8/D8 -> 0.42222222 | W8: =ROW()-ROW($B$3) -> 5 | X8: =C8 -> Sanjoy Paul | Y8: =VLOOKUP(X8,'AC Pivot'!$Q:$AD,2,0) -> 1 | Z8: =VLOOKUP(X8,'AC Pivot'!$Q:$AD,3,0) -> 1 | AA8: =VLOOKUP(X8,'AC Pivot'!$Q:$AD,4,0) -> 1 | AB8: =VLOOKUP(X8,'AC Pivot'!$Q:$AD,5,0) -> 1 | AC8: =VLOOKUP(X8,'AC Pivot'!$Q:$AD,6,0) -> 1 | AD8: =VLOOKUP(X8,'AC Pivot'!$Q:$AD,7,0) -> 1 | AE8: =VLOOKUP(X8,'AC Pivot'!$Q:$AD,8,0) -> 0 | AF8: =VLOOKUP(X8,'AC Pivot'!$Q:$AD,9,0) -> 0 | AG8: =VLOOKUP(X8,'AC Pivot'!$Q:$AD,10,0) -> 0 | AH8: =VLOOKUP(X8,'AC Pivot'!$Q:$AD,11,0) -> 0 | AI8: =VLOOKUP(X8,'AC Pivot'!$Q:$AD,12,0) -> 0 | AJ8: =VLOOKUP(X8,'AC Pivot'!$Q:$AD,13,0) -> 0 | AK8: =VLOOKUP(X8,'AC Pivot'!$Q:$AD,14,0) -> 1
B9: =ROW()-ROW($B$3) -> 6 | C9: Rajiul Momin | D9: =VLOOKUP(C9,'AC Pivot'!$A:$O,2,0) -> 360 | E9: =VLOOKUP(C9,'AC Pivot'!$A:$O,3,0) -> 18 | F9: =VLOOKUP(C9,'AC Pivot'!$A:$O,4,0) -> 35 | G9: =VLOOKUP(C9,'AC Pivot'!$A:$O,5,0) -> 31 | H9: =VLOOKUP(C9,'AC Pivot'!$A:$O,6,0) -> 34 | I9: =VLOOKUP(C9,'AC Pivot'!$A:$O,7,0) -> 21 | J9: =VLOOKUP(C9,'AC Pivot'!$A:$O,8,0) -> 10 | K9: =VLOOKUP(C9,'AC Pivot'!$A:$O,9,0) -> 0 | L9: =VLOOKUP(C9,'AC Pivot'!$A:$O,10,0) -> 0 | M9: =VLOOKUP(C9,'AC Pivot'!$A:$O,11,0) -> 0 | N9: =VLOOKUP(C9,'AC Pivot'!$A:$O,12,0) -> 0 | O9: =VLOOKUP(C9,'AC Pivot'!$A:$O,13,0) -> 0 | P9: =VLOOKUP(C9,'AC Pivot'!$A:$O,14,0) -> 0 | Q9: =SUM(E9:P9) -> 149 | R9: =Q9/D9 -> 0.41388889 | W9: =ROW()-ROW($B$3) -> 6 | X9: =C9 -> Rajiul Momin | Y9: =VLOOKUP(X9,'AC Pivot'!$Q:$AD,2,0) -> 2 | Z9: =VLOOKUP(X9,'AC Pivot'!$Q:$AD,3,0) -> 2 | AA9: =VLOOKUP(X9,'AC Pivot'!$Q:$AD,4,0) -> 2 | AB9: =VLOOKUP(X9,'AC Pivot'!$Q:$AD,5,0) -> 2 | AC9: =VLOOKUP(X9,'AC Pivot'!$Q:$AD,6,0) -> 2 | AD9: =VLOOKUP(X9,'AC Pivot'!$Q:$AD,7,0) -> 2 | AE9: =VLOOKUP(X9,'AC Pivot'!$Q:$AD,8,0) -> 0 | AF9: =VLOOKUP(X9,'AC Pivot'!$Q:$AD,9,0) -> 0 | AG9: =VLOOKUP(X9,'AC Pivot'!$Q:$AD,10,0) -> 0 | AH9: =VLOOKUP(X9,'AC Pivot'!$Q:$AD,11,0) -> 0 | AI9: =VLOOKUP(X9,'AC Pivot'!$Q:$AD,12,0) -> 0 | AJ9: =VLOOKUP(X9,'AC Pivot'!$Q:$AD,13,0) -> 0 | AK9: =VLOOKUP(X9,'AC Pivot'!$Q:$AD,14,0) -> 2
B10: =ROW()-ROW($B$3) -> 7 | C10: Manindra Nath Barman | D10: =VLOOKUP(C10,'AC Pivot'!$A:$O,2,0) -> 960 | E10: =VLOOKUP(C10,'AC Pivot'!$A:$O,3,0) -> 39 | F10: =VLOOKUP(C10,'AC Pivot'!$A:$O,4,0) -> 66 | G10: =VLOOKUP(C10,'AC Pivot'!$A:$O,5,0) -> 86 | H10: =VLOOKUP(C10,'AC Pivot'!$A:$O,6,0) -> 103 | I10: =VLOOKUP(C10,'AC Pivot'!$A:$O,7,0) -> 87 | J10: =VLOOKUP(C10,'AC Pivot'!$A:$O,8,0) -> 13 | K10: =VLOOKUP(C10,'AC Pivot'!$A:$O,9,0) -> 0 | L10: =VLOOKUP(C10,'AC Pivot'!$A:$O,10,0) -> 0 | M10: =VLOOKUP(C10,'AC Pivot'!$A:$O,11,0) -> 0 | N10: =VLOOKUP(C10,'AC Pivot'!$A:$O,12,0) -> 0 | O10: =VLOOKUP(C10,'AC Pivot'!$A:$O,13,0) -> 0 | P10: =VLOOKUP(C10,'AC Pivot'!$A:$O,14,0) -> 0 | Q10: =SUM(E10:P10) -> 394 | R10: =Q10/D10 -> 0.41041667 | W10: =ROW()-ROW($B$3) -> 7 | X10: =C10 -> Manindra Nath Barman | Y10: =VLOOKUP(X10,'AC Pivot'!$Q:$AD,2,0) -> 3 | Z10: =VLOOKUP(X10,'AC Pivot'!$Q:$AD,3,0) -> 3 | AA10: =VLOOKUP(X10,'AC Pivot'!$Q:$AD,4,0) -> 4 | AB10: =VLOOKUP(X10,'AC Pivot'!$Q:$AD,5,0) -> 6 | AC10: =VLOOKUP(X10,'AC Pivot'!$Q:$AD,6,0) -> 6 | AD10: =VLOOKUP(X10,'AC Pivot'!$Q:$AD,7,0) -> 5 | AE10: =VLOOKUP(X10,'AC Pivot'!$Q:$AD,8,0) -> 0 | AF10: =VLOOKUP(X10,'AC Pivot'!$Q:$AD,9,0) -> 0 | AG10: =VLOOKUP(X10,'AC Pivot'!$Q:$AD,10,0) -> 0 | AH10: =VLOOKUP(X10,'AC Pivot'!$Q:$AD,11,0) -> 0 | AI10: =VLOOKUP(X10,'AC Pivot'!$Q:$AD,12,0) -> 0 | AJ10: =VLOOKUP(X10,'AC Pivot'!$Q:$AD,13,0) -> 0 | AK10: =VLOOKUP(X10,'AC Pivot'!$Q:$AD,14,0) -> 7
B11: =ROW()-ROW($B$3) -> 8 | C11: Under Office (Birbhum) | D11: =VLOOKUP(C11,'AC Pivot'!$A:$O,2,0) -> 1140 | E11: =VLOOKUP(C11,'AC Pivot'!$A:$O,3,0) -> 48 | F11: =VLOOKUP(C11,'AC Pivot'!$A:$O,4,0) -> 71 | G11: =VLOOKUP(C11,'AC Pivot'!$A:$O,5,0) -> 92 | H11: =VLOOKUP(C11,'AC Pivot'!$A:$O,6,0) -> 83 | I11: =VLOOKUP(C11,'AC Pivot'!$A:$O,7,0) -> 85 | J11: =VLOOKUP(C11,'AC Pivot'!$A:$O,8,0) -> 18 | K11: =VLOOKUP(C11,'AC Pivot'!$A:$O,9,0) -> 0 | L11: =VLOOKUP(C11,'AC Pivot'!$A:$O,10,0) -> 0 | M11: =VLOOKUP(C11,'AC Pivot'!$A:$O,11,0) -> 0 | N11: =VLOOKUP(C11,'AC Pivot'!$A:$O,12,0) -> 0 | O11: =VLOOKUP(C11,'AC Pivot'!$A:$O,13,0) -> 0 | P11: =VLOOKUP(C11,'AC Pivot'!$A:$O,14,0) -> 0 | Q11: =SUM(E11:P11) -> 397 | R11: =Q11/D11 -> 0.34824561 | W11: =ROW()-ROW($B$3) -> 8 | X11: =C11 -> Under Office (Birbhum) | Y11: =VLOOKUP(X11,'AC Pivot'!$Q:$AD,2,0) -> 7 | Z11: =VLOOKUP(X11,'AC Pivot'!$Q:$AD,3,0) -> 6 | AA11: =VLOOKUP(X11,'AC Pivot'!$Q:$AD,4,0) -> 6 | AB11: =VLOOKUP(X11,'AC Pivot'!$Q:$AD,5,0) -> 6 | AC11: =VLOOKUP(X11,'AC Pivot'!$Q:$AD,6,0) -> 6 | AD11: =VLOOKUP(X11,'AC Pivot'!$Q:$AD,7,0) -> 5 | AE11: =VLOOKUP(X11,'AC Pivot'!$Q:$AD,8,0) -> 0 | AF11: =VLOOKUP(X11,'AC Pivot'!$Q:$AD,9,0) -> 0 | AG11: =VLOOKUP(X11,'AC Pivot'!$Q:$AD,10,0) -> 0 | AH11: =VLOOKUP(X11,'AC Pivot'!$Q:$AD,11,0) -> 0 | AI11: =VLOOKUP(X11,'AC Pivot'!$Q:$AD,12,0) -> 0 | AJ11: =VLOOKUP(X11,'AC Pivot'!$Q:$AD,13,0) -> 0 | AK11: =VLOOKUP(X11,'AC Pivot'!$Q:$AD,14,0) -> 7
B12: =ROW()-ROW($B$3) -> 9 | C12: Rajendra Kumar Bapari | D12: =VLOOKUP(C12,'AC Pivot'!$A:$O,2,0) -> 540 | E12: =VLOOKUP(C12,'AC Pivot'!$A:$O,3,0) -> 13 | F12: =VLOOKUP(C12,'AC Pivot'!$A:$O,4,0) -> 46 | G12: =VLOOKUP(C12,'AC Pivot'!$A:$O,5,0) -> 39 | H12: =VLOOKUP(C12,'AC Pivot'!$A:$O,6,0) -> 33 | I12: =VLOOKUP(C12,'AC Pivot'!$A:$O,7,0) -> 39 | J12: =VLOOKUP(C12,'AC Pivot'!$A:$O,8,0) -> 13 | K12: =VLOOKUP(C12,'AC Pivot'!$A:$O,9,0) -> 0 | L12: =VLOOKUP(C12,'AC Pivot'!$A:$O,10,0) -> 0 | M12: =VLOOKUP(C12,'AC Pivot'!$A:$O,11,0) -> 0 | N12: =VLOOKUP(C12,'AC Pivot'!$A:$O,12,0) -> 0 | O12: =VLOOKUP(C12,'AC Pivot'!$A:$O,13,0) -> 0 | P12: =VLOOKUP(C12,'AC Pivot'!$A:$O,14,0) -> 0 | Q12: =SUM(E12:P12) -> 183 | R12: =Q12/D12 -> 0.33888889 | W12: =ROW()-ROW($B$3) -> 9 | X12: =C12 -> Rajendra Kumar Bapari | Y12: =VLOOKUP(X12,'AC Pivot'!$Q:$AD,2,0) -> 2 | Z12: =VLOOKUP(X12,'AC Pivot'!$Q:$AD,3,0) -> 3 | AA12: =VLOOKUP(X12,'AC Pivot'!$Q:$AD,4,0) -> 3 | AB12: =VLOOKUP(X12,'AC Pivot'!$Q:$AD,5,0) -> 3 | AC12: =VLOOKUP(X12,'AC Pivot'!$Q:$AD,6,0) -> 3 | AD12: =VLOOKUP(X12,'AC Pivot'!$Q:$AD,7,0) -> 3 | AE12: =VLOOKUP(X12,'AC Pivot'!$Q:$AD,8,0) -> 0 | AF12: =VLOOKUP(X12,'AC Pivot'!$Q:$AD,9,0) -> 0 | AG12: =VLOOKUP(X12,'AC Pivot'!$Q:$AD,10,0) -> 0 | AH12: =VLOOKUP(X12,'AC Pivot'!$Q:$AD,11,0) -> 0 | AI12: =VLOOKUP(X12,'AC Pivot'!$Q:$AD,12,0) -> 0 | AJ12: =VLOOKUP(X12,'AC Pivot'!$Q:$AD,13,0) -> 0 | AK12: =VLOOKUP(X12,'AC Pivot'!$Q:$AD,14,0) -> 3
B13: =ROW()-ROW($B$3) -> 10 | C13: Souvik Maity | D13: =VLOOKUP(C13,'AC Pivot'!$A:$O,2,0) -> 2760 | E13: =VLOOKUP(C13,'AC Pivot'!$A:$O,3,0) -> 78 | F13: =VLOOKUP(C13,'AC Pivot'!$A:$O,4,0) -> 249 | G13: =VLOOKUP(C13,'AC Pivot'!$A:$O,5,0) -> 223 | H13: =VLOOKUP(C13,'AC Pivot'!$A:$O,6,0) -> 211 | I13: =VLOOKUP(C13,'AC Pivot'!$A:$O,7,0) -> 143 | J13: =VLOOKUP(C13,'AC Pivot'!$A:$O,8,0) -> 18 | K13: =VLOOKUP(C13,'AC Pivot'!$A:$O,9,0) -> 0 | L13: =VLOOKUP(C13,'AC Pivot'!$A:$O,10,0) -> 0 | M13: =VLOOKUP(C13,'AC Pivot'!$A:$O,11,0) -> 0 | N13: =VLOOKUP(C13,'AC Pivot'!$A:$O,12,0) -> 0 | O13: =VLOOKUP(C13,'AC Pivot'!$A:$O,13,0) -> 0 | P13: =VLOOKUP(C13,'AC Pivot'!$A:$O,14,0) -> 0 | Q13: =SUM(E13:P13) -> 922 | R13: =Q13/D13 -> 0.33405797 | W13: =ROW()-ROW($B$3) -> 10 | X13: =C13 -> Souvik Maity | Y13: =VLOOKUP(X13,'AC Pivot'!$Q:$AD,2,0) -> 15 | Z13: =VLOOKUP(X13,'AC Pivot'!$Q:$AD,3,0) -> 15 | AA13: =VLOOKUP(X13,'AC Pivot'!$Q:$AD,4,0) -> 14 | AB13: =VLOOKUP(X13,'AC Pivot'!$Q:$AD,5,0) -> 14 | AC13: =VLOOKUP(X13,'AC Pivot'!$Q:$AD,6,0) -> 14 | AD13: =VLOOKUP(X13,'AC Pivot'!$Q:$AD,7,0) -> 8 | AE13: =VLOOKUP(X13,'AC Pivot'!$Q:$AD,8,0) -> 0 | AF13: =VLOOKUP(X13,'AC Pivot'!$Q:$AD,9,0) -> 0 | AG13: =VLOOKUP(X13,'AC Pivot'!$Q:$AD,10,0) -> 0 | AH13: =VLOOKUP(X13,'AC Pivot'!$Q:$AD,11,0) -> 0 | AI13: =VLOOKUP(X13,'AC Pivot'!$Q:$AD,12,0) -> 0 | AJ13: =VLOOKUP(X13,'AC Pivot'!$Q:$AD,13,0) -> 0 | AK13: =VLOOKUP(X13,'AC Pivot'!$Q:$AD,14,0) -> 16
B14: =ROW()-ROW($B$3) -> 11 | C14: Under Office (W Medinipur) | D14: =VLOOKUP(C14,'AC Pivot'!$A:$O,2,0) -> 3420 | E14: =VLOOKUP(C14,'AC Pivot'!$A:$O,3,0) -> 97 | F14: =VLOOKUP(C14,'AC Pivot'!$A:$O,4,0) -> 245 | G14: =VLOOKUP(C14,'AC Pivot'!$A:$O,5,0) -> 204 | H14: =VLOOKUP(C14,'AC Pivot'!$A:$O,6,0) -> 196 | I14: =VLOOKUP(C14,'AC Pivot'!$A:$O,7,0) -> 179 | J14: =VLOOKUP(C14,'AC Pivot'!$A:$O,8,0) -> 28 | K14: =VLOOKUP(C14,'AC Pivot'!$A:$O,9,0) -> 0 | L14: =VLOOKUP(C14,'AC Pivot'!$A:$O,10,0) -> 0 | M14: =VLOOKUP(C14,'AC Pivot'!$A:$O,11,0) -> 0 | N14: =VLOOKUP(C14,'AC Pivot'!$A:$O,12,0) -> 0 | O14: =VLOOKUP(C14,'AC Pivot'!$A:$O,13,0) -> 0 | P14: =VLOOKUP(C14,'AC Pivot'!$A:$O,14,0) -> 0 | Q14: =SUM(E14:P14) -> 949 | R14: =Q14/D14 -> 0.27748538 | W14: =ROW()-ROW($B$3) -> 11 | X14: =C14 -> Under Office (W Medinipur) | Y14: =VLOOKUP(X14,'AC Pivot'!$Q:$AD,2,0) -> 15 | Z14: =VLOOKUP(X14,'AC Pivot'!$Q:$AD,3,0) -> 19 | AA14: =VLOOKUP(X14,'AC Pivot'!$Q:$AD,4,0) -> 18 | AB14: =VLOOKUP(X14,'AC Pivot'!$Q:$AD,5,0) -> 16 | AC14: =VLOOKUP(X14,'AC Pivot'!$Q:$AD,6,0) -> 18 | AD14: =VLOOKUP(X14,'AC Pivot'!$Q:$AD,7,0) -> 12 | AE14: =VLOOKUP(X14,'AC Pivot'!$Q:$AD,8,0) -> 0 | AF14: =VLOOKUP(X14,'AC Pivot'!$Q:$AD,9,0) -> 0 | AG14: =VLOOKUP(X14,'AC Pivot'!$Q:$AD,10,0) -> 0 | AH14: =VLOOKUP(X14,'AC Pivot'!$Q:$AD,11,0) -> 0 | AI14: =VLOOKUP(X14,'AC Pivot'!$Q:$AD,12,0) -> 0 | AJ14: =VLOOKUP(X14,'AC Pivot'!$Q:$AD,13,0) -> 0 | AK14: =VLOOKUP(X14,'AC Pivot'!$Q:$AD,14,0) -> 19
B15: =ROW()-ROW($B$3) -> 12 | C15: Avi Sk | D15: =VLOOKUP(C15,'AC Pivot'!$A:$O,2,0) -> 540 | E15: =VLOOKUP(C15,'AC Pivot'!$A:$O,3,0) -> 4 | F15: =VLOOKUP(C15,'AC Pivot'!$A:$O,4,0) -> 10 | G15: =VLOOKUP(C15,'AC Pivot'!$A:$O,5,0) -> 34 | H15: =VLOOKUP(C15,'AC Pivot'!$A:$O,6,0) -> 23 | I15: =VLOOKUP(C15,'AC Pivot'!$A:$O,7,0) -> 14 | J15: =VLOOKUP(C15,'AC Pivot'!$A:$O,8,0) -> 10 | K15: =VLOOKUP(C15,'AC Pivot'!$A:$O,9,0) -> 0 | L15: =VLOOKUP(C15,'AC Pivot'!$A:$O,10,0) -> 0 | M15: =VLOOKUP(C15,'AC Pivot'!$A:$O,11,0) -> 0 | N15: =VLOOKUP(C15,'AC Pivot'!$A:$O,12,0) -> 0 | O15: =VLOOKUP(C15,'AC Pivot'!$A:$O,13,0) -> 0 | P15: =VLOOKUP(C15,'AC Pivot'!$A:$O,14,0) -> 0 | Q15: =SUM(E15:P15) -> 95 | R15: =Q15/D15 -> 0.17592593 | W15: =ROW()-ROW($B$3) -> 12 | X15: =C15 -> Avi Sk | Y15: =VLOOKUP(X15,'AC Pivot'!$Q:$AD,2,0) -> 2 | Z15: =VLOOKUP(X15,'AC Pivot'!$Q:$AD,3,0) -> 2 | AA15: =VLOOKUP(X15,'AC Pivot'!$Q:$AD,4,0) -> 3 | AB15: =VLOOKUP(X15,'AC Pivot'!$Q:$AD,5,0) -> 3 | AC15: =VLOOKUP(X15,'AC Pivot'!$Q:$AD,6,0) -> 3 | AD15: =VLOOKUP(X15,'AC Pivot'!$Q:$AD,7,0) -> 2 | AE15: =VLOOKUP(X15,'AC Pivot'!$Q:$AD,8,0) -> 0 | AF15: =VLOOKUP(X15,'AC Pivot'!$Q:$AD,9,0) -> 0 | AG15: =VLOOKUP(X15,'AC Pivot'!$Q:$AD,10,0) -> 0 | AH15: =VLOOKUP(X15,'AC Pivot'!$Q:$AD,11,0) -> 0 | AI15: =VLOOKUP(X15,'AC Pivot'!$Q:$AD,12,0) -> 0 | AJ15: =VLOOKUP(X15,'AC Pivot'!$Q:$AD,13,0) -> 0 | AK15: =VLOOKUP(X15,'AC Pivot'!$Q:$AD,14,0) -> 3
... B17: =ROW()-ROW($B$3) -> 14 | C17: Mousumi Sarkar | D17: =VLOOKUP(C17,'AC Pivot'!$A:$O,2,0) -> 60 | E17: =VLOOKUP(C17,'AC Pivot'!$A:$O,3,0) -> 0 | F17: =VLOOKUP(C17,'AC Pivot'!$A:$O,4,0) -> 0 | G17: =VLOOKUP(C17,'AC Pivot'!$A:$O,5,0) -> 0 | H17: =VLOOKUP(C17,'AC Pivot'!$A:$O,6,0) -> 0 | I17: =VLOOKUP(C17,'AC Pivot'!$A:$O,7,0) -> 0 | J17: =VLOOKUP(C17,'AC Pivot'!$A:$O,8,0) -> 1 | K17: =VLOOKUP(C17,'AC Pivot'!$A:$O,9,0) -> 0 | L17: =VLOOKUP(C17,'AC Pivot'!$A:$O,10,0) -> 0 | M17: =VLOOKUP(C17,'AC Pivot'!$A:$O,11,0) -> 0 | N17: =VLOOKUP(C17,'AC Pivot'!$A:$O,12,0) -> 0 | O17: =VLOOKUP(C17,'AC Pivot'!$A:$O,13,0) -> 0 | P17: =VLOOKUP(C17,'AC Pivot'!$A:$O,14,0) -> 0 | Q17: =SUM(E17:P17) -> 1 | R17: =Q17/D17 -> 0.016666667 | W17: =ROW()-ROW($B$3) -> 14 | X17: =C17 -> Mousumi Sarkar | Y17: =VLOOKUP(X17,'AC Pivot'!$Q:$AD,2,0) -> 0 | Z17: =VLOOKUP(X17,'AC Pivot'!$Q:$AD,3,0) -> 0 | AA17: =VLOOKUP(X17,'AC Pivot'!$Q:$AD,4,0) -> 0 | AB17: =VLOOKUP(X17,'AC Pivot'!$Q:$AD,5,0) -> 0 | AC17: =VLOOKUP(X17,'AC Pivot'!$Q:$AD,6,0) -> 0 | AD17: =VLOOKUP(X17,'AC Pivot'!$Q:$AD,7,0) -> 1 | AE17: =VLOOKUP(X17,'AC Pivot'!$Q:$AD,8,0) -> 0 | AF17: =VLOOKUP(X17,'AC Pivot'!$Q:$AD,9,0) -> 0 | AG17: =VLOOKUP(X17,'AC Pivot'!$Q:$AD,10,0) -> 0 | AH17: =VLOOKUP(X17,'AC Pivot'!$Q:$AD,11,0) -> 0 | AI17: =VLOOKUP(X17,'AC Pivot'!$Q:$AD,12,0) -> 0 | AJ17: =VLOOKUP(X17,'AC Pivot'!$Q:$AD,13,0) -> 0 | AK17: =VLOOKUP(X17,'AC Pivot'!$Q:$AD,14,0) -> 1
B19: Grand Total | D19: =SUM(D4:D17) -> 14940 | E19: =SUM(E4:E17) -> 587 | F19: =SUM(F4:F17) -> 1432 | G19: =SUM(G4:G17) -> 1131 | H19: =SUM(H4:H17) -> 1340 | I19: =SUM(I4:I17) -> 935 | J19: =SUM(J4:J17) -> 164 | K19: =SUM(K4:K17) -> 0 | ... Q19: =SUM(Q4:Q17) -> 5589 | R19: =Q19/D19 -> 0.37409639 | W19: Grand Total | Y19: =SUM(Y4:Y17) -> 72 | Z19: =SUM(Z4:Z17) -> 76 | AA19: =SUM(AA4:AA17) -> 76 | AB19: =SUM(AB4:AB17) -> 78 | AC19: =SUM(AC4:AC17) -> 77 | AD19: =SUM(AD4:AD17) -> 58 | AE19: =SUM(AE4:AE17) -> 0 | AF19: =SUM(AF4:AF17) -> 0 | ... AK19: =SUM(AK4:AK17) -> 89
B21: APY: DC Wise Summary FY 2026-27 (UCO Bank) | W21: APY: DC Wise Paticipants Summary FY 2026-27 (UCO Bank)
B22: Sl No | C22: DC Name | D22: Target | E22: 46113 | F22: 46143 | G22: 46174 | H22: 46204 | I22: 46235 | J22: 46266 | K22: 46296 | L22: 46327 | M22: 46357 | N22: 46388 | O22: 46419 | P22: 46447 | Q22: Total APY | R22: % of Achievement | W22: Sl No | X22: DC Name | Y22: 46113 | Z22: 46143 | AA22: 46174 | AB22: 46204 | AC22: 46235 | AD22: 46266 | AE22: 46296 | AF22: 46327 | AG22: 46357 | AH22: 46388 | AI22: 46419 | AJ22: 46447 | AK22: Total Count
B23: =ROW()-ROW($B$22) -> 1 | C23: Rajendra Kumar Bapari | D23: =VLOOKUP(C23,'APY Pivot'!$A:$O,2,0) -> 270 | E23: =VLOOKUP(C23,'APY Pivot'!$A:$O,3,0) -> 4 | F23: =VLOOKUP(C23,'APY Pivot'!$A:$O,4,0) -> 6 | G23: =VLOOKUP(C23,'APY Pivot'!$A:$O,5,0) -> 13 | H23: =VLOOKUP(C23,'APY Pivot'!$A:$O,6,0) -> 10 | I23: =VLOOKUP(C23,'APY Pivot'!$A:$O,7,0) -> 18 | J23: =VLOOKUP(C23,'APY Pivot'!$A:$O,8,0) -> 3 | K23: =VLOOKUP(C23,'APY Pivot'!$A:$O,9,0) -> 0 | L23: =VLOOKUP(C23,'APY Pivot'!$A:$O,10,0) -> 0 | M23: =VLOOKUP(C23,'APY Pivot'!$A:$O,11,0) -> 0 | N23: =VLOOKUP(C23,'APY Pivot'!$A:$O,12,0) -> 0 | O23: =VLOOKUP(C23,'APY Pivot'!$A:$O,13,0) -> 0 | P23: =VLOOKUP(C23,'APY Pivot'!$A:$O,14,0) -> 0 | Q23: =SUM(E23:P23) -> 54 | R23: =Q23/D23 -> 0.2 | W23: =ROW()-ROW($B$22) -> 1 | X23: =C23 -> Rajendra Kumar Bapari | Y23: =VLOOKUP(X23,'APY Pivot'!$Q:$AD,2,0) -> 2 | Z23: =VLOOKUP(X23,'APY Pivot'!$Q:$AD,3,0) -> 2 | AA23: =VLOOKUP(X23,'APY Pivot'!$Q:$AD,4,0) -> 3 | AB23: =VLOOKUP(X23,'APY Pivot'!$Q:$AD,5,0) -> 3 | AC23: =VLOOKUP(X23,'APY Pivot'!$Q:$AD,6,0) -> 3 | AD23: =VLOOKUP(X23,'APY Pivot'!$Q:$AD,7,0) -> 2 | AE23: =VLOOKUP(X23,'APY Pivot'!$Q:$AD,8,0) -> 0 | AF23: =VLOOKUP(X23,'APY Pivot'!$Q:$AD,9,0) -> 0 | AG23: =VLOOKUP(X23,'APY Pivot'!$Q:$AD,10,0) -> 0 | AH23: =VLOOKUP(X23,'APY Pivot'!$Q:$AD,11,0) -> 0 | AI23: =VLOOKUP(X23,'APY Pivot'!$Q:$AD,12,0) -> 0 | AJ23: =VLOOKUP(X23,'APY Pivot'!$Q:$AD,13,0) -> 0 | AK23: =VLOOKUP(X23,'APY Pivot'!$Q:$AD,14,0) -> 3
B24: =ROW()-ROW($B$22) -> 2 | C24: Rajiul Momin | D24: =VLOOKUP(C24,'APY Pivot'!$A:$O,2,0) -> 180 | E24: =VLOOKUP(C24,'APY Pivot'!$A:$O,3,0) -> 0 | F24: =VLOOKUP(C24,'APY Pivot'!$A:$O,4,0) -> 0 | G24: =VLOOKUP(C24,'APY Pivot'!$A:$O,5,0) -> 16 | H24: =VLOOKUP(C24,'APY Pivot'!$A:$O,6,0) -> 5 | I24: =VLOOKUP(C24,'APY Pivot'!$A:$O,7,0) -> 10 | J24: =VLOOKUP(C24,'APY Pivot'!$A:$O,8,0) -> 1 | K24: =VLOOKUP(C24,'APY Pivot'!$A:$O,9,0) -> 0 | L24: =VLOOKUP(C24,'APY Pivot'!$A:$O,10,0) -> 0 | M24: =VLOOKUP(C24,'APY Pivot'!$A:$O,11,0) -> 0 | N24: =VLOOKUP(C24,'APY Pivot'!$A:$O,12,0) -> 0 | O24: =VLOOKUP(C24,'APY Pivot'!$A:$O,13,0) -> 0 | P24: =VLOOKUP(C24,'APY Pivot'!$A:$O,14,0) -> 0 | Q24: =SUM(E24:P24) -> 32 | R24: =Q24/D24 -> 0.17777778 | W24: =ROW()-ROW($B$22) -> 2 | X24: =C24 -> Rajiul Momin | Y24: =VLOOKUP(X24,'APY Pivot'!$Q:$AD,2,0) -> 0 | Z24: =VLOOKUP(X24,'APY Pivot'!$Q:$AD,3,0) -> 0 | AA24: =VLOOKUP(X24,'APY Pivot'!$Q:$AD,4,0) -> 2 | AB24: =VLOOKUP(X24,'APY Pivot'!$Q:$AD,5,0) -> 1 | AC24: =VLOOKUP(X24,'APY Pivot'!$Q:$AD,6,0) -> 1 | AD24: =VLOOKUP(X24,'APY Pivot'!$Q:$AD,7,0) -> 1 | AE24: =VLOOKUP(X24,'APY Pivot'!$Q:$AD,8,0) -> 0 | AF24: =VLOOKUP(X24,'APY Pivot'!$Q:$AD,9,0) -> 0 | AG24: =VLOOKUP(X24,'APY Pivot'!$Q:$AD,10,0) -> 0 | AH24: =VLOOKUP(X24,'APY Pivot'!$Q:$AD,11,0) -> 0 | AI24: =VLOOKUP(X24,'APY Pivot'!$Q:$AD,12,0) -> 0 | AJ24: =VLOOKUP(X24,'APY Pivot'!$Q:$AD,13,0) -> 0 | AK24: =VLOOKUP(X24,'APY Pivot'!$Q:$AD,14,0) -> 2
B25: =ROW()-ROW($B$22) -> 3 | C25: Under Office (W Medinipur) | D25: =VLOOKUP(C25,'APY Pivot'!$A:$O,2,0) -> 1710 | E25: =VLOOKUP(C25,'APY Pivot'!$A:$O,3,0) -> 14 | F25: =VLOOKUP(C25,'APY Pivot'!$A:$O,4,0) -> 49 | G25: =VLOOKUP(C25,'APY Pivot'!$A:$O,5,0) -> 27 | H25: =VLOOKUP(C25,'APY Pivot'!$A:$O,6,0) -> 46 | I25: =VLOOKUP(C25,'APY Pivot'!$A:$O,7,0) -> 46 | J25: =VLOOKUP(C25,'APY Pivot'!$A:$O,8,0) -> 14 | K25: =VLOOKUP(C25,'APY Pivot'!$A:$O,9,0) -> 0 | L25: =VLOOKUP(C25,'APY Pivot'!$A:$O,10,0) -> 0 | M25: =VLOOKUP(C25,'APY Pivot'!$A:$O,11,0) -> 0 | N25: =VLOOKUP(C25,'APY Pivot'!$A:$O,12,0) -> 0 | O25: =VLOOKUP(C25,'APY Pivot'!$A:$O,13,0) -> 0 | P25: =VLOOKUP(C25,'APY Pivot'!$A:$O,14,0) -> 0 | Q25: =SUM(E25:P25) -> 196 | R25: =Q25/D25 -> 0.11461988 | W25: =ROW()-ROW($B$22) -> 3 | X25: =C25 -> Under Office (W Medinipur) | Y25: =VLOOKUP(X25,'APY Pivot'!$Q:$AD,2,0) -> 2 | Z25: =VLOOKUP(X25,'APY Pivot'!$Q:$AD,3,0) -> 5 | AA25: =VLOOKUP(X25,'APY Pivot'!$Q:$AD,4,0) -> 10 | AB25: =VLOOKUP(X25,'APY Pivot'!$Q:$AD,5,0) -> 10 | AC25: =VLOOKUP(X25,'APY Pivot'!$Q:$AD,6,0) -> 12 | AD25: =VLOOKUP(X25,'APY Pivot'!$Q:$AD,7,0) -> 3 | AE25: =VLOOKUP(X25,'APY Pivot'!$Q:$AD,8,0) -> 0 | AF25: =VLOOKUP(X25,'APY Pivot'!$Q:$AD,9,0) -> 0 | AG25: =VLOOKUP(X25,'APY Pivot'!$Q:$AD,10,0) -> 0 | AH25: =VLOOKUP(X25,'APY Pivot'!$Q:$AD,11,0) -> 0 | AI25: =VLOOKUP(X25,'APY Pivot'!$Q:$AD,12,0) -> 0 | AJ25: =VLOOKUP(X25,'APY Pivot'!$Q:$AD,13,0) -> 0 | AK25: =VLOOKUP(X25,'APY Pivot'!$Q:$AD,14,0) -> 18
B26: =ROW()-ROW($B$22) -> 4 | C26: Sanjoy Paul | D26: =VLOOKUP(C26,'APY Pivot'!$A:$O,2,0) -> 90 | E26: =VLOOKUP(C26,'APY Pivot'!$A:$O,3,0) -> 1 | F26: =VLOOKUP(C26,'APY Pivot'!$A:$O,4,0) -> 0 | G26: =VLOOKUP(C26,'APY Pivot'!$A:$O,5,0) -> 1 | H26: =VLOOKUP(C26,'APY Pivot'!$A:$O,6,0) -> 6 | I26: =VLOOKUP(C26,'APY Pivot'!$A:$O,7,0) -> 1 | J26: =VLOOKUP(C26,'APY Pivot'!$A:$O,8,0) -> 0 | K26: =VLOOKUP(C26,'APY Pivot'!$A:$O,9,0) -> 0 | L26: =VLOOKUP(C26,'APY Pivot'!$A:$O,10,0) -> 0 | M26: =VLOOKUP(C26,'APY Pivot'!$A:$O,11,0) -> 0 | N26: =VLOOKUP(C26,'APY Pivot'!$A:$O,12,0) -> 0 | O26: =VLOOKUP(C26,'APY Pivot'!$A:$O,13,0) -> 0 | P26: =VLOOKUP(C26,'APY Pivot'!$A:$O,14,0) -> 0 | Q26: =SUM(E26:P26) -> 9 | R26: =Q26/D26 -> 0.1 | W26: =ROW()-ROW($B$22) -> 4 | X26: =C26 -> Sanjoy Paul | Y26: =VLOOKUP(X26,'APY Pivot'!$Q:$AD,2,0) -> 1 | Z26: =VLOOKUP(X26,'APY Pivot'!$Q:$AD,3,0) -> 0 | AA26: =VLOOKUP(X26,'APY Pivot'!$Q:$AD,4,0) -> 1 | AB26: =VLOOKUP(X26,'APY Pivot'!$Q:$AD,5,0) -> 1 | AC26: =VLOOKUP(X26,'APY Pivot'!$Q:$AD,6,0) -> 1 | AD26: =VLOOKUP(X26,'APY Pivot'!$Q:$AD,7,0) -> 0 | AE26: =VLOOKUP(X26,'APY Pivot'!$Q:$AD,8,0) -> 0 | AF26: =VLOOKUP(X26,'APY Pivot'!$Q:$AD,9,0) -> 0 | AG26: =VLOOKUP(X26,'APY Pivot'!$Q:$AD,10,0) -> 0 | AH26: =VLOOKUP(X26,'APY Pivot'!$Q:$AD,11,0) -> 0 | AI26: =VLOOKUP(X26,'APY Pivot'!$Q:$AD,12,0) -> 0 | AJ26: =VLOOKUP(X26,'APY Pivot'!$Q:$AD,13,0) -> 0 | AK26: =VLOOKUP(X26,'APY Pivot'!$Q:$AD,14,0) -> 1
B27: =ROW()-ROW($B$22) -> 5 | C27: Shyamalesh Sarkar | D27: =VLOOKUP(C27,'APY Pivot'!$A:$O,2,0) -> 270 | E27: =VLOOKUP(C27,'APY Pivot'!$A:$O,3,0) -> 0 | F27: =VLOOKUP(C27,'APY Pivot'!$A:$O,4,0) -> 3 | G27: =VLOOKUP(C27,'APY Pivot'!$A:$O,5,0) -> 0 | H27: =VLOOKUP(C27,'APY Pivot'!$A:$O,6,0) -> 5 | I27: =VLOOKUP(C27,'APY Pivot'!$A:$O,7,0) -> 15 | J27: =VLOOKUP(C27,'APY Pivot'!$A:$O,8,0) -> 2 | K27: =VLOOKUP(C27,'APY Pivot'!$A:$O,9,0) -> 0 | L27: =VLOOKUP(C27,'APY Pivot'!$A:$O,10,0) -> 0 | M27: =VLOOKUP(C27,'APY Pivot'!$A:$O,11,0) -> 0 | N27: =VLOOKUP(C27,'APY Pivot'!$A:$O,12,0) -> 0 | O27: =VLOOKUP(C27,'APY Pivot'!$A:$O,13,0) -> 0 | P27: =VLOOKUP(C27,'APY Pivot'!$A:$O,14,0) -> 0 | Q27: =SUM(E27:P27) -> 25 | R27: =Q27/D27 -> 0.092592593 | W27: =ROW()-ROW($B$22) -> 5 | X27: =C27 -> Shyamalesh Sarkar | Y27: =VLOOKUP(X27,'APY Pivot'!$Q:$AD,2,0) -> 0 | Z27: =VLOOKUP(X27,'APY Pivot'!$Q:$AD,3,0) -> 2 | AA27: =VLOOKUP(X27,'APY Pivot'!$Q:$AD,4,0) -> 0 | AB27: =VLOOKUP(X27,'APY Pivot'!$Q:$AD,5,0) -> 3 | AC27: =VLOOKUP(X27,'APY Pivot'!$Q:$AD,6,0) -> 3 | AD27: =VLOOKUP(X27,'APY Pivot'!$Q:$AD,7,0) -> 1 | AE27: =VLOOKUP(X27,'APY Pivot'!$Q:$AD,8,0) -> 0 | AF27: =VLOOKUP(X27,'APY Pivot'!$Q:$AD,9,0) -> 0 | AG27: =VLOOKUP(X27,'APY Pivot'!$Q:$AD,10,0) -> 0 | AH27: =VLOOKUP(X27,'APY Pivot'!$Q:$AD,11,0) -> 0 | AI27: =VLOOKUP(X27,'APY Pivot'!$Q:$AD,12,0) -> 0 | AJ27: =VLOOKUP(X27,'APY Pivot'!$Q:$AD,13,0) -> 0 | AK27: =VLOOKUP(X27,'APY Pivot'!$Q:$AD,14,0) -> 3
B28: =ROW()-ROW($B$22) -> 6 | C28: Souvik Maity | D28: =VLOOKUP(C28,'APY Pivot'!$A:$O,2,0) -> 1380 | E28: =VLOOKUP(C28,'APY Pivot'!$A:$O,3,0) -> 7 | F28: =VLOOKUP(C28,'APY Pivot'!$A:$O,4,0) -> 31 | G28: =VLOOKUP(C28,'APY Pivot'!$A:$O,5,0) -> 20 | H28: =VLOOKUP(C28,'APY Pivot'!$A:$O,6,0) -> 24 | I28: =VLOOKUP(C28,'APY Pivot'!$A:$O,7,0) -> 37 | J28: =VLOOKUP(C28,'APY Pivot'!$A:$O,8,0) -> 2 | K28: =VLOOKUP(C28,'APY Pivot'!$A:$O,9,0) -> 0 | L28: =VLOOKUP(C28,'APY Pivot'!$A:$O,10,0) -> 0 | M28: =VLOOKUP(C28,'APY Pivot'!$A:$O,11,0) -> 0 | N28: =VLOOKUP(C28,'APY Pivot'!$A:$O,12,0) -> 0 | O28: =VLOOKUP(C28,'APY Pivot'!$A:$O,13,0) -> 0 | P28: =VLOOKUP(C28,'APY Pivot'!$A:$O,14,0) -> 0 | Q28: =SUM(E28:P28) -> 121 | R28: =Q28/D28 -> 0.087681159 | W28: =ROW()-ROW($B$22) -> 6 | X28: =C28 -> Souvik Maity | Y28: =VLOOKUP(X28,'APY Pivot'!$Q:$AD,2,0) -> 3 | Z28: =VLOOKUP(X28,'APY Pivot'!$Q:$AD,3,0) -> 5 | AA28: =VLOOKUP(X28,'APY Pivot'!$Q:$AD,4,0) -> 7 | AB28: =VLOOKUP(X28,'APY Pivot'!$Q:$AD,5,0) -> 9 | AC28: =VLOOKUP(X28,'APY Pivot'!$Q:$AD,6,0) -> 9 | AD28: =VLOOKUP(X28,'APY Pivot'!$Q:$AD,7,0) -> 1 | AE28: =VLOOKUP(X28,'APY Pivot'!$Q:$AD,8,0) -> 0 | AF28: =VLOOKUP(X28,'APY Pivot'!$Q:$AD,9,0) -> 0 | AG28: =VLOOKUP(X28,'APY Pivot'!$Q:$AD,10,0) -> 0 | AH28: =VLOOKUP(X28,'APY Pivot'!$Q:$AD,11,0) -> 0 | AI28: =VLOOKUP(X28,'APY Pivot'!$Q:$AD,12,0) -> 0 | AJ28: =VLOOKUP(X28,'APY Pivot'!$Q:$AD,13,0) -> 0 | AK28: =VLOOKUP(X28,'APY Pivot'!$Q:$AD,14,0) -> 12
B29: =ROW()-ROW($B$22) -> 7 | C29: Chandi Charan Mahato | D29: =VLOOKUP(C29,'APY Pivot'!$A:$O,2,0) -> 420 | E29: =VLOOKUP(C29,'APY Pivot'!$A:$O,3,0) -> 2 | F29: =VLOOKUP(C29,'APY Pivot'!$A:$O,4,0) -> 4 | G29: =VLOOKUP(C29,'APY Pivot'!$A:$O,5,0) -> 6 | H29: =VLOOKUP(C29,'APY Pivot'!$A:$O,6,0) -> 3 | I29: =VLOOKUP(C29,'APY Pivot'!$A:$O,7,0) -> 5 | J29: =VLOOKUP(C29,'APY Pivot'!$A:$O,8,0) -> 0 | K29: =VLOOKUP(C29,'APY Pivot'!$A:$O,9,0) -> 0 | L29: =VLOOKUP(C29,'APY Pivot'!$A:$O,10,0) -> 0 | M29: =VLOOKUP(C29,'APY Pivot'!$A:$O,11,0) -> 0 | N29: =VLOOKUP(C29,'APY Pivot'!$A:$O,12,0) -> 0 | O29: =VLOOKUP(C29,'APY Pivot'!$A:$O,13,0) -> 0 | P29: =VLOOKUP(C29,'APY Pivot'!$A:$O,14,0) -> 0 | Q29: =SUM(E29:P29) -> 20 | R29: =Q29/D29 -> 0.047619048 | W29: =ROW()-ROW($B$22) -> 7 | X29: =C29 -> Chandi Charan Mahato | Y29: =VLOOKUP(X29,'APY Pivot'!$Q:$AD,2,0) -> 1 | Z29: =VLOOKUP(X29,'APY Pivot'!$Q:$AD,3,0) -> 2 | AA29: =VLOOKUP(X29,'APY Pivot'!$Q:$AD,4,0) -> 2 | AB29: =VLOOKUP(X29,'APY Pivot'!$Q:$AD,5,0) -> 3 | AC29: =VLOOKUP(X29,'APY Pivot'!$Q:$AD,6,0) -> 2 | AD29: =VLOOKUP(X29,'APY Pivot'!$Q:$AD,7,0) -> 0 | AE29: =VLOOKUP(X29,'APY Pivot'!$Q:$AD,8,0) -> 0 | AF29: =VLOOKUP(X29,'APY Pivot'!$Q:$AD,9,0) -> 0 | AG29: =VLOOKUP(X29,'APY Pivot'!$Q:$AD,10,0) -> 0 | AH29: =VLOOKUP(X29,'APY Pivot'!$Q:$AD,11,0) -> 0 | AI29: =VLOOKUP(X29,'APY Pivot'!$Q:$AD,12,0) -> 0 | AJ29: =VLOOKUP(X29,'APY Pivot'!$Q:$AD,13,0) -> 0 | AK29: =VLOOKUP(X29,'APY Pivot'!$Q:$AD,14,0) -> 4
B30: =ROW()-ROW($B$22) -> 8 | C30: Manindra Nath Barman | D30: =VLOOKUP(C30,'APY Pivot'!$A:$O,2,0) -> 480 | E30: =VLOOKUP(C30,'APY Pivot'!$A:$O,3,0) -> 2 | F30: =VLOOKUP(C30,'APY Pivot'!$A:$O,4,0) -> 1 | G30: =VLOOKUP(C30,'APY Pivot'!$A:$O,5,0) -> 2 | H30: =VLOOKUP(C30,'APY Pivot'!$A:$O,6,0) -> 9 | I30: =VLOOKUP(C30,'APY Pivot'!$A:$O,7,0) -> 7 | J30: =VLOOKUP(C30,'APY Pivot'!$A:$O,8,0) -> 0 | K30: =VLOOKUP(C30,'APY Pivot'!$A:$O,9,0) -> 0 | L30: =VLOOKUP(C30,'APY Pivot'!$A:$O,10,0) -> 0 | M30: =VLOOKUP(C30,'APY Pivot'!$A:$O,11,0) -> 0 | N30: =VLOOKUP(C30,'APY Pivot'!$A:$O,12,0) -> 0 | O30: =VLOOKUP(C30,'APY Pivot'!$A:$O,13,0) -> 0 | P30: =VLOOKUP(C30,'APY Pivot'!$A:$O,14,0) -> 0 | Q30: =SUM(E30:P30) -> 21 | R30: =Q30/D30 -> 0.04375 | W30: =ROW()-ROW($B$22) -> 8 | X30: =C30 -> Manindra Nath Barman | Y30: =VLOOKUP(X30,'APY Pivot'!$Q:$AD,2,0) -> 2 | Z30: =VLOOKUP(X30,'APY Pivot'!$Q:$AD,3,0) -> 1 | AA30: =VLOOKUP(X30,'APY Pivot'!$Q:$AD,4,0) -> 1 | AB30: =VLOOKUP(X30,'APY Pivot'!$Q:$AD,5,0) -> 2 | AC30: =VLOOKUP(X30,'APY Pivot'!$Q:$AD,6,0) -> 3 | AD30: =VLOOKUP(X30,'APY Pivot'!$Q:$AD,7,0) -> 0 | AE30: =VLOOKUP(X30,'APY Pivot'!$Q:$AD,8,0) -> 0 | AF30: =VLOOKUP(X30,'APY Pivot'!$Q:$AD,9,0) -> 0 | AG30: =VLOOKUP(X30,'APY Pivot'!$Q:$AD,10,0) -> 0 | AH30: =VLOOKUP(X30,'APY Pivot'!$Q:$AD,11,0) -> 0 | AI30: =VLOOKUP(X30,'APY Pivot'!$Q:$AD,12,0) -> 0 | AJ30: =VLOOKUP(X30,'APY Pivot'!$Q:$AD,13,0) -> 0 | AK30: =VLOOKUP(X30,'APY Pivot'!$Q:$AD,14,0) -> 4
B31: =ROW()-ROW($B$22) -> 9 | C31: Avi Sk | D31: =VLOOKUP(C31,'APY Pivot'!$A:$O,2,0) -> 270 | E31: =VLOOKUP(C31,'APY Pivot'!$A:$O,3,0) -> 1 | F31: =VLOOKUP(C31,'APY Pivot'!$A:$O,4,0) -> 0 | G31: =VLOOKUP(C31,'APY Pivot'!$A:$O,5,0) -> 2 | H31: =VLOOKUP(C31,'APY Pivot'!$A:$O,6,0) -> 3 | I31: =VLOOKUP(C31,'APY Pivot'!$A:$O,7,0) -> 5 | J31: =VLOOKUP(C31,'APY Pivot'!$A:$O,8,0) -> 0 | K31: =VLOOKUP(C31,'APY Pivot'!$A:$O,9,0) -> 0 | L31: =VLOOKUP(C31,'APY Pivot'!$A:$O,10,0) -> 0 | M31: =VLOOKUP(C31,'APY Pivot'!$A:$O,11,0) -> 0 | N31: =VLOOKUP(C31,'APY Pivot'!$A:$O,12,0) -> 0 | O31: =VLOOKUP(C31,'APY Pivot'!$A:$O,13,0) -> 0 | P31: =VLOOKUP(C31,'APY Pivot'!$A:$O,14,0) -> 0 | Q31: =SUM(E31:P31) -> 11 | R31: =Q31/D31 -> 0.040740741 | W31: =ROW()-ROW($B$22) -> 9 | X31: =C31 -> Avi Sk | Y31: =VLOOKUP(X31,'APY Pivot'!$Q:$AD,2,0) -> 1 | Z31: =VLOOKUP(X31,'APY Pivot'!$Q:$AD,3,0) -> 0 | AA31: =VLOOKUP(X31,'APY Pivot'!$Q:$AD,4,0) -> 1 | AB31: =VLOOKUP(X31,'APY Pivot'!$Q:$AD,5,0) -> 1 | AC31: =VLOOKUP(X31,'APY Pivot'!$Q:$AD,6,0) -> 2 | AD31: =VLOOKUP(X31,'APY Pivot'!$Q:$AD,7,0) -> 0 | AE31: =VLOOKUP(X31,'APY Pivot'!$Q:$AD,8,0) -> 0 | AF31: =VLOOKUP(X31,'APY Pivot'!$Q:$AD,9,0) -> 0 | AG31: =VLOOKUP(X31,'APY Pivot'!$Q:$AD,10,0) -> 0 | AH31: =VLOOKUP(X31,'APY Pivot'!$Q:$AD,11,0) -> 0 | AI31: =VLOOKUP(X31,'APY Pivot'!$Q:$AD,12,0) -> 0 | AJ31: =VLOOKUP(X31,'APY Pivot'!$Q:$AD,13,0) -> 0 | AK31: =VLOOKUP(X31,'APY Pivot'!$Q:$AD,14,0) -> 1
B32: =ROW()-ROW($B$22) -> 10 | C32: Under Office (Birbhum) | D32: =VLOOKUP(C32,'APY Pivot'!$A:$O,2,0) -> 570 | E32: =VLOOKUP(C32,'APY Pivot'!$A:$O,3,0) -> 4 | F32: =VLOOKUP(C32,'APY Pivot'!$A:$O,4,0) -> 2 | G32: =VLOOKUP(C32,'APY Pivot'!$A:$O,5,0) -> 3 | H32: =VLOOKUP(C32,'APY Pivot'!$A:$O,6,0) -> 10 | I32: =VLOOKUP(C32,'APY Pivot'!$A:$O,7,0) -> 3 | J32: =VLOOKUP(C32,'APY Pivot'!$A:$O,8,0) -> 0 | K32: =VLOOKUP(C32,'APY Pivot'!$A:$O,9,0) -> 0 | L32: =VLOOKUP(C32,'APY Pivot'!$A:$O,10,0) -> 0 | M32: =VLOOKUP(C32,'APY Pivot'!$A:$O,11,0) -> 0 | N32: =VLOOKUP(C32,'APY Pivot'!$A:$O,12,0) -> 0 | O32: =VLOOKUP(C32,'APY Pivot'!$A:$O,13,0) -> 0 | P32: =VLOOKUP(C32,'APY Pivot'!$A:$O,14,0) -> 0 | Q32: =SUM(E32:P32) -> 22 | R32: =Q32/D32 -> 0.038596491 | W32: =ROW()-ROW($B$22) -> 10 | X32: =C32 -> Under Office (Birbhum) | Y32: =VLOOKUP(X32,'APY Pivot'!$Q:$AD,2,0) -> 2 | Z32: =VLOOKUP(X32,'APY Pivot'!$Q:$AD,3,0) -> 1 | AA32: =VLOOKUP(X32,'APY Pivot'!$Q:$AD,4,0) -> 3 | AB32: =VLOOKUP(X32,'APY Pivot'!$Q:$AD,5,0) -> 5 | AC32: =VLOOKUP(X32,'APY Pivot'!$Q:$AD,6,0) -> 1 | AD32: =VLOOKUP(X32,'APY Pivot'!$Q:$AD,7,0) -> 0 | AE32: =VLOOKUP(X32,'APY Pivot'!$Q:$AD,8,0) -> 0 | AF32: =VLOOKUP(X32,'APY Pivot'!$Q:$AD,9,0) -> 0 | AG32: =VLOOKUP(X32,'APY Pivot'!$Q:$AD,10,0) -> 0 | AH32: =VLOOKUP(X32,'APY Pivot'!$Q:$AD,11,0) -> 0 | AI32: =VLOOKUP(X32,'APY Pivot'!$Q:$AD,12,0) -> 0 | AJ32: =VLOOKUP(X32,'APY Pivot'!$Q:$AD,13,0) -> 0 | AK32: =VLOOKUP(X32,'APY Pivot'!$Q:$AD,14,0) -> 5
B33: =ROW()-ROW($B$22) -> 11 | C33: Sunil Biswas | D33: =VLOOKUP(C33,'APY Pivot'!$A:$O,2,0) -> 1110 | E33: =VLOOKUP(C33,'APY Pivot'!$A:$O,3,0) -> 3 | F33: =VLOOKUP(C33,'APY Pivot'!$A:$O,4,0) -> 3 | G33: =VLOOKUP(C33,'APY Pivot'!$A:$O,5,0) -> 10 | H33: =VLOOKUP(C33,'APY Pivot'!$A:$O,6,0) -> 3 | I33: =VLOOKUP(C33,'APY Pivot'!$A:$O,7,0) -> 20 | J33: =VLOOKUP(C33,'APY Pivot'!$A:$O,8,0) -> 3 | K33: =VLOOKUP(C33,'APY Pivot'!$A:$O,9,0) -> 0 | L33: =VLOOKUP(C33,'APY Pivot'!$A:$O,10,0) -> 0 | M33: =VLOOKUP(C33,'APY Pivot'!$A:$O,11,0) -> 0 | N33: =VLOOKUP(C33,'APY Pivot'!$A:$O,12,0) -> 0 | O33: =VLOOKUP(C33,'APY Pivot'!$A:$O,13,0) -> 0 | P33: =VLOOKUP(C33,'APY Pivot'!$A:$O,14,0) -> 0 | Q33: =SUM(E33:P33) -> 42 | R33: =Q33/D33 -> 0.037837838 | W33: =ROW()-ROW($B$22) -> 11 | X33: =C33 -> Sunil Biswas | Y33: =VLOOKUP(X33,'APY Pivot'!$Q:$AD,2,0) -> 2 | Z33: =VLOOKUP(X33,'APY Pivot'!$Q:$AD,3,0) -> 2 | AA33: =VLOOKUP(X33,'APY Pivot'!$Q:$AD,4,0) -> 3 | AB33: =VLOOKUP(X33,'APY Pivot'!$Q:$AD,5,0) -> 3 | AC33: =VLOOKUP(X33,'APY Pivot'!$Q:$AD,6,0) -> 2 | AD33: =VLOOKUP(X33,'APY Pivot'!$Q:$AD,7,0) -> 1 | AE33: =VLOOKUP(X33,'APY Pivot'!$Q:$AD,8,0) -> 0 | AF33: =VLOOKUP(X33,'APY Pivot'!$Q:$AD,9,0) -> 0 | AG33: =VLOOKUP(X33,'APY Pivot'!$Q:$AD,10,0) -> 0 | AH33: =VLOOKUP(X33,'APY Pivot'!$Q:$AD,11,0) -> 0 | AI33: =VLOOKUP(X33,'APY Pivot'!$Q:$AD,12,0) -> 0 | AJ33: =VLOOKUP(X33,'APY Pivot'!$Q:$AD,13,0) -> 0 | AK33: =VLOOKUP(X33,'APY Pivot'!$Q:$AD,14,0) -> 6
B34: =ROW()-ROW($B$22) -> 12 | C34: Santanu Bera | D34: =VLOOKUP(C34,'APY Pivot'!$A:$O,2,0) -> 510 | E34: =VLOOKUP(C34,'APY Pivot'!$A:$O,3,0) -> 0 | F34: =VLOOKUP(C34,'APY Pivot'!$A:$O,4,0) -> 0 | G34: =VLOOKUP(C34,'APY Pivot'!$A:$O,5,0) -> 0 | H34: =VLOOKUP(C34,'APY Pivot'!$A:$O,6,0) -> 3 | I34: =VLOOKUP(C34,'APY Pivot'!$A:$O,7,0) -> 7 | J34: =VLOOKUP(C34,'APY Pivot'!$A:$O,8,0) -> 1 | K34: =VLOOKUP(C34,'APY Pivot'!$A:$O,9,0) -> 0 | L34: =VLOOKUP(C34,'APY Pivot'!$A:$O,10,0) -> 0 | M34: =VLOOKUP(C34,'APY Pivot'!$A:$O,11,0) -> 0 | N34: =VLOOKUP(C34,'APY Pivot'!$A:$O,12,0) -> 0 | O34: =VLOOKUP(C34,'APY Pivot'!$A:$O,13,0) -> 0 | P34: =VLOOKUP(C34,'APY Pivot'!$A:$O,14,0) -> 0 | Q34: =SUM(E34:P34) -> 11 | R34: =Q34/D34 -> 0.021568627 | W34: =ROW()-ROW($B$22) -> 12 | X34: =C34 -> Santanu Bera | Y34: =VLOOKUP(X34,'APY Pivot'!$Q:$AD,2,0) -> 0 | Z34: =VLOOKUP(X34,'APY Pivot'!$Q:$AD,3,0) -> 0 | AA34: =VLOOKUP(X34,'APY Pivot'!$Q:$AD,4,0) -> 0 | AB34: =VLOOKUP(X34,'APY Pivot'!$Q:$AD,5,0) -> 2 | AC34: =VLOOKUP(X34,'APY Pivot'!$Q:$AD,6,0) -> 1 | AD34: =VLOOKUP(X34,'APY Pivot'!$Q:$AD,7,0) -> 1 | AE34: =VLOOKUP(X34,'APY Pivot'!$Q:$AD,8,0) -> 0 | AF34: =VLOOKUP(X34,'APY Pivot'!$Q:$AD,9,0) -> 0 | AG34: =VLOOKUP(X34,'APY Pivot'!$Q:$AD,10,0) -> 0 | AH34: =VLOOKUP(X34,'APY Pivot'!$Q:$AD,11,0) -> 0 | AI34: =VLOOKUP(X34,'APY Pivot'!$Q:$AD,12,0) -> 0 | AJ34: =VLOOKUP(X34,'APY Pivot'!$Q:$AD,13,0) -> 0 | AK34: =VLOOKUP(X34,'APY Pivot'!$Q:$AD,14,0) -> 2
... B36: =ROW()-ROW($B$22) -> 14 | C36: Mousumi Sarkar | D36: =VLOOKUP(C36,'APY Pivot'!$A:$O,2,0) -> 30 | E36: =VLOOKUP(C36,'APY Pivot'!$A:$O,3,0) -> 0 | F36: =VLOOKUP(C36,'APY Pivot'!$A:$O,4,0) -> 0 | G36: =VLOOKUP(C36,'APY Pivot'!$A:$O,5,0) -> 0 | H36: =VLOOKUP(C36,'APY Pivot'!$A:$O,6,0) -> 0 | I36: =VLOOKUP(C36,'APY Pivot'!$A:$O,7,0) -> 0 | J36: =VLOOKUP(C36,'APY Pivot'!$A:$O,8,0) -> 0 | K36: =VLOOKUP(C36,'APY Pivot'!$A:$O,9,0) -> 0 | L36: =VLOOKUP(C36,'APY Pivot'!$A:$O,10,0) -> 0 | M36: =VLOOKUP(C36,'APY Pivot'!$A:$O,11,0) -> 0 | N36: =VLOOKUP(C36,'APY Pivot'!$A:$O,12,0) -> 0 | O36: =VLOOKUP(C36,'APY Pivot'!$A:$O,13,0) -> 0 | P36: =VLOOKUP(C36,'APY Pivot'!$A:$O,14,0) -> 0 | Q36: =SUM(E36:P36) -> 0 | R36: =Q36/D36 -> 0 | W36: =ROW()-ROW($B$22) -> 14 | X36: =C36 -> Mousumi Sarkar | Y36: =VLOOKUP(X36,'APY Pivot'!$Q:$AD,2,0) -> 0 | Z36: =VLOOKUP(X36,'APY Pivot'!$Q:$AD,3,0) -> 0 | AA36: =VLOOKUP(X36,'APY Pivot'!$Q:$AD,4,0) -> 0 | AB36: =VLOOKUP(X36,'APY Pivot'!$Q:$AD,5,0) -> 0 | AC36: =VLOOKUP(X36,'APY Pivot'!$Q:$AD,6,0) -> 0 | AD36: =VLOOKUP(X36,'APY Pivot'!$Q:$AD,7,0) -> 0 | AE36: =VLOOKUP(X36,'APY Pivot'!$Q:$AD,8,0) -> 0 | AF36: =VLOOKUP(X36,'APY Pivot'!$Q:$AD,9,0) -> 0 | AG36: =VLOOKUP(X36,'APY Pivot'!$Q:$AD,10,0) -> 0 | AH36: =VLOOKUP(X36,'APY Pivot'!$Q:$AD,11,0) -> 0 | AI36: =VLOOKUP(X36,'APY Pivot'!$Q:$AD,12,0) -> 0 | AJ36: =VLOOKUP(X36,'APY Pivot'!$Q:$AD,13,0) -> 0 | AK36: =VLOOKUP(X36,'APY Pivot'!$Q:$AD,14,0) -> 0
B38: Grand Total | D38: =SUM(D23:D36) -> 7470 | E38: =SUM(E23:E36) -> 38 | F38: =SUM(F23:F36) -> 99 | G38: =SUM(G23:G36) -> 100 | H38: =SUM(H23:H36) -> 128 | I38: =SUM(I23:I36) -> 174 | J38: =SUM(J23:J36) -> 26 | K38: =SUM(K23:K36) -> 0 | ... Q38: =SUM(Q23:Q36) -> 565 | R38: =Q38/D38 -> 0.075635877 | W38: Grand Total | Y38: =SUM(Y23:Y36) -> 16 | Z38: =SUM(Z23:Z36) -> 20 | AA38: =SUM(AA23:AA36) -> 33 | AB38: =SUM(AB23:AB36) -> 44 | AC38: =SUM(AC23:AC36) -> 40 | AD38: =SUM(AD23:AD36) -> 10 | AE38: =SUM(AE23:AE36) -> 0 | AF38: =SUM(AF23:AF36) -> 0 | ... AK38: =SUM(AK23:AK36) -> 62
B40: PMJJBY: DC Wise Summary FY 2026-27 (UCO Bank) | W40: PMJJBY: DC Wise Paticipants Summary FY 2026-27 (UCO Bank)
B41: Sl No | C41: DC Name | D41: Target | E41: 46113 | F41: 46143 | G41: 46174 | H41: 46204 | I41: 46235 | J41: 46266 | K41: 46296 | L41: 46327 | M41: 46357 | N41: 46388 | O41: 46419 | P41: 46447 | Q41: Total PMJJBY | R41: % of Achievement | W41: Sl No | X41: DC Name | Y41: 46113 | Z41: 46143 | AA41: 46174 | AB41: 46204 | AC41: 46235 | AD41: 46266 | AE41: 46296 | AF41: 46327 | AG41: 46357 | AH41: 46388 | AI41: 46419 | AJ41: 46447 | AK41: Total Count
B42: =ROW()-ROW($B$41) -> 1 | C42: Rajendra Kumar Bapari | D42: =VLOOKUP(C42,'JJBY Pivot'!$A:$O,2,0) -> 216 | E42: =VLOOKUP(C42,'JJBY Pivot'!$A:$O,3,0) -> 16 | F42: =VLOOKUP(C42,'JJBY Pivot'!$A:$O,4,0) -> 53 | G42: =VLOOKUP(C42,'JJBY Pivot'!$A:$O,5,0) -> 13 | H42: =VLOOKUP(C42,'JJBY Pivot'!$A:$O,6,0) -> 11 | I42: =VLOOKUP(C42,'JJBY Pivot'!$A:$O,7,0) -> 11 | J42: =VLOOKUP(C42,'JJBY Pivot'!$A:$O,8,0) -> 2 | K42: =VLOOKUP(C42,'JJBY Pivot'!$A:$O,9,0) -> 0 | L42: =VLOOKUP(C42,'JJBY Pivot'!$A:$O,10,0) -> 0 | M42: =VLOOKUP(C42,'JJBY Pivot'!$A:$O,11,0) -> 0 | N42: =VLOOKUP(C42,'JJBY Pivot'!$A:$O,12,0) -> 0 | O42: =VLOOKUP(C42,'JJBY Pivot'!$A:$O,13,0) -> 0 | P42: =VLOOKUP(C42,'JJBY Pivot'!$A:$O,14,0) -> 0 | Q42: =SUM(E42:P42) -> 106 | R42: =Q42/D42 -> 0.49074074 | W42: =ROW()-ROW($B$41) -> 1 | X42: =C42 -> Rajendra Kumar Bapari | Y42: =VLOOKUP(X42,'JJBY Pivot'!$Q:$AD,2,0) -> 3 | Z42: =VLOOKUP(X42,'JJBY Pivot'!$Q:$AD,3,0) -> 3 | AA42: =VLOOKUP(X42,'JJBY Pivot'!$Q:$AD,4,0) -> 3 | AB42: =VLOOKUP(X42,'JJBY Pivot'!$Q:$AD,5,0) -> 3 | AC42: =VLOOKUP(X42,'JJBY Pivot'!$Q:$AD,6,0) -> 3 | AD42: =VLOOKUP(X42,'JJBY Pivot'!$Q:$AD,7,0) -> 2 | AE42: =VLOOKUP(X42,'JJBY Pivot'!$Q:$AD,8,0) -> 0 | AF42: =VLOOKUP(X42,'JJBY Pivot'!$Q:$AD,9,0) -> 0 | AG42: =VLOOKUP(X42,'JJBY Pivot'!$Q:$AD,10,0) -> 0 | AH42: =VLOOKUP(X42,'JJBY Pivot'!$Q:$AD,11,0) -> 0 | AI42: =VLOOKUP(X42,'JJBY Pivot'!$Q:$AD,12,0) -> 0 | AJ42: =VLOOKUP(X42,'JJBY Pivot'!$Q:$AD,13,0) -> 0 | AK42: =VLOOKUP(X42,'JJBY Pivot'!$Q:$AD,14,0) -> 3
B43: =ROW()-ROW($B$41) -> 2 | C43: Under Office (W Medinipur) | D43: =VLOOKUP(C43,'JJBY Pivot'!$A:$O,2,0) -> 1368 | E43: =VLOOKUP(C43,'JJBY Pivot'!$A:$O,3,0) -> 65 | F43: =VLOOKUP(C43,'JJBY Pivot'!$A:$O,4,0) -> 118 | G43: =VLOOKUP(C43,'JJBY Pivot'!$A:$O,5,0) -> 84 | H43: =VLOOKUP(C43,'JJBY Pivot'!$A:$O,6,0) -> 101 | I43: =VLOOKUP(C43,'JJBY Pivot'!$A:$O,7,0) -> 141 | J43: =VLOOKUP(C43,'JJBY Pivot'!$A:$O,8,0) -> 29 | K43: =VLOOKUP(C43,'JJBY Pivot'!$A:$O,9,0) -> 0 | L43: =VLOOKUP(C43,'JJBY Pivot'!$A:$O,10,0) -> 0 | M43: =VLOOKUP(C43,'JJBY Pivot'!$A:$O,11,0) -> 0 | N43: =VLOOKUP(C43,'JJBY Pivot'!$A:$O,12,0) -> 0 | O43: =VLOOKUP(C43,'JJBY Pivot'!$A:$O,13,0) -> 0 | P43: =VLOOKUP(C43,'JJBY Pivot'!$A:$O,14,0) -> 0 | Q43: =SUM(E43:P43) -> 538 | R43: =Q43/D43 -> 0.39327485 | W43: =ROW()-ROW($B$41) -> 2 | X43: =C43 -> Under Office (W Medinipur) | Y43: =VLOOKUP(X43,'JJBY Pivot'!$Q:$AD,2,0) -> 11 | Z43: =VLOOKUP(X43,'JJBY Pivot'!$Q:$AD,3,0) -> 14 | AA43: =VLOOKUP(X43,'JJBY Pivot'!$Q:$AD,4,0) -> 13 | AB43: =VLOOKUP(X43,'JJBY Pivot'!$Q:$AD,5,0) -> 12 | AC43: =VLOOKUP(X43,'JJBY Pivot'!$Q:$AD,6,0) -> 10 | AD43: =VLOOKUP(X43,'JJBY Pivot'!$Q:$AD,7,0) -> 6 | AE43: =VLOOKUP(X43,'JJBY Pivot'!$Q:$AD,8,0) -> 0 | AF43: =VLOOKUP(X43,'JJBY Pivot'!$Q:$AD,9,0) -> 0 | AG43: =VLOOKUP(X43,'JJBY Pivot'!$Q:$AD,10,0) -> 0 | AH43: =VLOOKUP(X43,'JJBY Pivot'!$Q:$AD,11,0) -> 0 | AI43: =VLOOKUP(X43,'JJBY Pivot'!$Q:$AD,12,0) -> 0 | AJ43: =VLOOKUP(X43,'JJBY Pivot'!$Q:$AD,13,0) -> 0 | AK43: =VLOOKUP(X43,'JJBY Pivot'!$Q:$AD,14,0) -> 16
B44: =ROW()-ROW($B$41) -> 3 | C44: Sunil Biswas | D44: =VLOOKUP(C44,'JJBY Pivot'!$A:$O,2,0) -> 888 | E44: =VLOOKUP(C44,'JJBY Pivot'!$A:$O,3,0) -> 47 | F44: =VLOOKUP(C44,'JJBY Pivot'!$A:$O,4,0) -> 115 | G44: =VLOOKUP(C44,'JJBY Pivot'!$A:$O,5,0) -> 17 | H44: =VLOOKUP(C44,'JJBY Pivot'!$A:$O,6,0) -> 51 | I44: =VLOOKUP(C44,'JJBY Pivot'!$A:$O,7,0) -> 14 | J44: =VLOOKUP(C44,'JJBY Pivot'!$A:$O,8,0) -> 3 | K44: =VLOOKUP(C44,'JJBY Pivot'!$A:$O,9,0) -> 0 | L44: =VLOOKUP(C44,'JJBY Pivot'!$A:$O,10,0) -> 0 | M44: =VLOOKUP(C44,'JJBY Pivot'!$A:$O,11,0) -> 0 | N44: =VLOOKUP(C44,'JJBY Pivot'!$A:$O,12,0) -> 0 | O44: =VLOOKUP(C44,'JJBY Pivot'!$A:$O,13,0) -> 0 | P44: =VLOOKUP(C44,'JJBY Pivot'!$A:$O,14,0) -> 0 | Q44: =SUM(E44:P44) -> 247 | R44: =Q44/D44 -> 0.27815315 | W44: =ROW()-ROW($B$41) -> 3 | X44: =C44 -> Sunil Biswas | Y44: =VLOOKUP(X44,'JJBY Pivot'!$Q:$AD,2,0) -> 4 | Z44: =VLOOKUP(X44,'JJBY Pivot'!$Q:$AD,3,0) -> 6 | AA44: =VLOOKUP(X44,'JJBY Pivot'!$Q:$AD,4,0) -> 4 | AB44: =VLOOKUP(X44,'JJBY Pivot'!$Q:$AD,5,0) -> 4 | AC44: =VLOOKUP(X44,'JJBY Pivot'!$Q:$AD,6,0) -> 3 | AD44: =VLOOKUP(X44,'JJBY Pivot'!$Q:$AD,7,0) -> 3 | AE44: =VLOOKUP(X44,'JJBY Pivot'!$Q:$AD,8,0) -> 0 | AF44: =VLOOKUP(X44,'JJBY Pivot'!$Q:$AD,9,0) -> 0 | AG44: =VLOOKUP(X44,'JJBY Pivot'!$Q:$AD,10,0) -> 0 | AH44: =VLOOKUP(X44,'JJBY Pivot'!$Q:$AD,11,0) -> 0 | AI44: =VLOOKUP(X44,'JJBY Pivot'!$Q:$AD,12,0) -> 0 | AJ44: =VLOOKUP(X44,'JJBY Pivot'!$Q:$AD,13,0) -> 0 | AK44: =VLOOKUP(X44,'JJBY Pivot'!$Q:$AD,14,0) -> 7
B45: =ROW()-ROW($B$41) -> 4 | C45: Souvik Maity | D45: =VLOOKUP(C45,'JJBY Pivot'!$A:$O,2,0) -> 1104 | E45: =VLOOKUP(C45,'JJBY Pivot'!$A:$O,3,0) -> 34 | F45: =VLOOKUP(C45,'JJBY Pivot'!$A:$O,4,0) -> 82 | G45: =VLOOKUP(C45,'JJBY Pivot'!$A:$O,5,0) -> 62 | H45: =VLOOKUP(C45,'JJBY Pivot'!$A:$O,6,0) -> 41 | I45: =VLOOKUP(C45,'JJBY Pivot'!$A:$O,7,0) -> 26 | J45: =VLOOKUP(C45,'JJBY Pivot'!$A:$O,8,0) -> 7 | K45: =VLOOKUP(C45,'JJBY Pivot'!$A:$O,9,0) -> 0 | L45: =VLOOKUP(C45,'JJBY Pivot'!$A:$O,10,0) -> 0 | M45: =VLOOKUP(C45,'JJBY Pivot'!$A:$O,11,0) -> 0 | N45: =VLOOKUP(C45,'JJBY Pivot'!$A:$O,12,0) -> 0 | O45: =VLOOKUP(C45,'JJBY Pivot'!$A:$O,13,0) -> 0 | P45: =VLOOKUP(C45,'JJBY Pivot'!$A:$O,14,0) -> 0 | Q45: =SUM(E45:P45) -> 252 | R45: =Q45/D45 -> 0.22826087 | W45: =ROW()-ROW($B$41) -> 4 | X45: =C45 -> Souvik Maity | Y45: =VLOOKUP(X45,'JJBY Pivot'!$Q:$AD,2,0) -> 7 | Z45: =VLOOKUP(X45,'JJBY Pivot'!$Q:$AD,3,0) -> 9 | AA45: =VLOOKUP(X45,'JJBY Pivot'!$Q:$AD,4,0) -> 9 | AB45: =VLOOKUP(X45,'JJBY Pivot'!$Q:$AD,5,0) -> 8 | AC45: =VLOOKUP(X45,'JJBY Pivot'!$Q:$AD,6,0) -> 6 | AD45: =VLOOKUP(X45,'JJBY Pivot'!$Q:$AD,7,0) -> 4 | AE45: =VLOOKUP(X45,'JJBY Pivot'!$Q:$AD,8,0) -> 0 | AF45: =VLOOKUP(X45,'JJBY Pivot'!$Q:$AD,9,0) -> 0 | AG45: =VLOOKUP(X45,'JJBY Pivot'!$Q:$AD,10,0) -> 0 | AH45: =VLOOKUP(X45,'JJBY Pivot'!$Q:$AD,11,0) -> 0 | AI45: =VLOOKUP(X45,'JJBY Pivot'!$Q:$AD,12,0) -> 0 | AJ45: =VLOOKUP(X45,'JJBY Pivot'!$Q:$AD,13,0) -> 0 | AK45: =VLOOKUP(X45,'JJBY Pivot'!$Q:$AD,14,0) -> 11
B46: =ROW()-ROW($B$41) -> 5 | C46: Chandi Charan Mahato | D46: =VLOOKUP(C46,'JJBY Pivot'!$A:$O,2,0) -> 336 | E46: =VLOOKUP(C46,'JJBY Pivot'!$A:$O,3,0) -> 9 | F46: =VLOOKUP(C46,'JJBY Pivot'!$A:$O,4,0) -> 18 | G46: =VLOOKUP(C46,'JJBY Pivot'!$A:$O,5,0) -> 10 | H46: =VLOOKUP(C46,'JJBY Pivot'!$A:$O,6,0) -> 5 | I46: =VLOOKUP(C46,'JJBY Pivot'!$A:$O,7,0) -> 12 | J46: =VLOOKUP(C46,'JJBY Pivot'!$A:$O,8,0) -> 1 | K46: =VLOOKUP(C46,'JJBY Pivot'!$A:$O,9,0) -> 0 | L46: =VLOOKUP(C46,'JJBY Pivot'!$A:$O,10,0) -> 0 | M46: =VLOOKUP(C46,'JJBY Pivot'!$A:$O,11,0) -> 0 | N46: =VLOOKUP(C46,'JJBY Pivot'!$A:$O,12,0) -> 0 | O46: =VLOOKUP(C46,'JJBY Pivot'!$A:$O,13,0) -> 0 | P46: =VLOOKUP(C46,'JJBY Pivot'!$A:$O,14,0) -> 0 | Q46: =SUM(E46:P46) -> 55 | R46: =Q46/D46 -> 0.16369048 | W46: =ROW()-ROW($B$41) -> 5 | X46: =C46 -> Chandi Charan Mahato | Y46: =VLOOKUP(X46,'JJBY Pivot'!$Q:$AD,2,0) -> 3 | Z46: =VLOOKUP(X46,'JJBY Pivot'!$Q:$AD,3,0) -> 4 | AA46: =VLOOKUP(X46,'JJBY Pivot'!$Q:$AD,4,0) -> 3 | AB46: =VLOOKUP(X46,'JJBY Pivot'!$Q:$AD,5,0) -> 2 | AC46: =VLOOKUP(X46,'JJBY Pivot'!$Q:$AD,6,0) -> 4 | AD46: =VLOOKUP(X46,'JJBY Pivot'!$Q:$AD,7,0) -> 1 | AE46: =VLOOKUP(X46,'JJBY Pivot'!$Q:$AD,8,0) -> 0 | AF46: =VLOOKUP(X46,'JJBY Pivot'!$Q:$AD,9,0) -> 0 | AG46: =VLOOKUP(X46,'JJBY Pivot'!$Q:$AD,10,0) -> 0 | AH46: =VLOOKUP(X46,'JJBY Pivot'!$Q:$AD,11,0) -> 0 | AI46: =VLOOKUP(X46,'JJBY Pivot'!$Q:$AD,12,0) -> 0 | AJ46: =VLOOKUP(X46,'JJBY Pivot'!$Q:$AD,13,0) -> 0 | AK46: =VLOOKUP(X46,'JJBY Pivot'!$Q:$AD,14,0) -> 4
B47: =ROW()-ROW($B$41) -> 6 | C47: Sanjoy Paul | D47: =VLOOKUP(C47,'JJBY Pivot'!$A:$O,2,0) -> 72 | E47: =VLOOKUP(C47,'JJBY Pivot'!$A:$O,3,0) -> 2 | F47: =VLOOKUP(C47,'JJBY Pivot'!$A:$O,4,0) -> 3 | G47: =VLOOKUP(C47,'JJBY Pivot'!$A:$O,5,0) -> 2 | H47: =VLOOKUP(C47,'JJBY Pivot'!$A:$O,6,0) -> 3 | I47: =VLOOKUP(C47,'JJBY Pivot'!$A:$O,7,0) -> 1 | J47: =VLOOKUP(C47,'JJBY Pivot'!$A:$O,8,0) -> 0 | K47: =VLOOKUP(C47,'JJBY Pivot'!$A:$O,9,0) -> 0 | L47: =VLOOKUP(C47,'JJBY Pivot'!$A:$O,10,0) -> 0 | M47: =VLOOKUP(C47,'JJBY Pivot'!$A:$O,11,0) -> 0 | N47: =VLOOKUP(C47,'JJBY Pivot'!$A:$O,12,0) -> 0 | O47: =VLOOKUP(C47,'JJBY Pivot'!$A:$O,13,0) -> 0 | P47: =VLOOKUP(C47,'JJBY Pivot'!$A:$O,14,0) -> 0 | Q47: =SUM(E47:P47) -> 11 | R47: =Q47/D47 -> 0.15277778 | W47: =ROW()-ROW($B$41) -> 6 | X47: =C47 -> Sanjoy Paul | Y47: =VLOOKUP(X47,'JJBY Pivot'!$Q:$AD,2,0) -> 1 | Z47: =VLOOKUP(X47,'JJBY Pivot'!$Q:$AD,3,0) -> 1 | AA47: =VLOOKUP(X47,'JJBY Pivot'!$Q:$AD,4,0) -> 1 | AB47: =VLOOKUP(X47,'JJBY Pivot'!$Q:$AD,5,0) -> 1 | AC47: =VLOOKUP(X47,'JJBY Pivot'!$Q:$AD,6,0) -> 1 | AD47: =VLOOKUP(X47,'JJBY Pivot'!$Q:$AD,7,0) -> 0 | AE47: =VLOOKUP(X47,'JJBY Pivot'!$Q:$AD,8,0) -> 0 | AF47: =VLOOKUP(X47,'JJBY Pivot'!$Q:$AD,9,0) -> 0 | AG47: =VLOOKUP(X47,'JJBY Pivot'!$Q:$AD,10,0) -> 0 | AH47: =VLOOKUP(X47,'JJBY Pivot'!$Q:$AD,11,0) -> 0 | AI47: =VLOOKUP(X47,'JJBY Pivot'!$Q:$AD,12,0) -> 0 | AJ47: =VLOOKUP(X47,'JJBY Pivot'!$Q:$AD,13,0) -> 0 | AK47: =VLOOKUP(X47,'JJBY Pivot'!$Q:$AD,14,0) -> 1
B48: =ROW()-ROW($B$41) -> 7 | C48: Manindra Nath Barman | D48: =VLOOKUP(C48,'JJBY Pivot'!$A:$O,2,0) -> 384 | E48: =VLOOKUP(C48,'JJBY Pivot'!$A:$O,3,0) -> 15 | F48: =VLOOKUP(C48,'JJBY Pivot'!$A:$O,4,0) -> 16 | G48: =VLOOKUP(C48,'JJBY Pivot'!$A:$O,5,0) -> 7 | H48: =VLOOKUP(C48,'JJBY Pivot'!$A:$O,6,0) -> 5 | I48: =VLOOKUP(C48,'JJBY Pivot'!$A:$O,7,0) -> 6 | J48: =VLOOKUP(C48,'JJBY Pivot'!$A:$O,8,0) -> 1 | K48: =VLOOKUP(C48,'JJBY Pivot'!$A:$O,9,0) -> 0 | L48: =VLOOKUP(C48,'JJBY Pivot'!$A:$O,10,0) -> 0 | M48: =VLOOKUP(C48,'JJBY Pivot'!$A:$O,11,0) -> 0 | N48: =VLOOKUP(C48,'JJBY Pivot'!$A:$O,12,0) -> 0 | O48: =VLOOKUP(C48,'JJBY Pivot'!$A:$O,13,0) -> 0 | P48: =VLOOKUP(C48,'JJBY Pivot'!$A:$O,14,0) -> 0 | Q48: =SUM(E48:P48) -> 50 | R48: =Q48/D48 -> 0.13020833 | W48: =ROW()-ROW($B$41) -> 7 | X48: =C48 -> Manindra Nath Barman | Y48: =VLOOKUP(X48,'JJBY Pivot'!$Q:$AD,2,0) -> 3 | Z48: =VLOOKUP(X48,'JJBY Pivot'!$Q:$AD,3,0) -> 2 | AA48: =VLOOKUP(X48,'JJBY Pivot'!$Q:$AD,4,0) -> 2 | AB48: =VLOOKUP(X48,'JJBY Pivot'!$Q:$AD,5,0) -> 2 | AC48: =VLOOKUP(X48,'JJBY Pivot'!$Q:$AD,6,0) -> 2 | AD48: =VLOOKUP(X48,'JJBY Pivot'!$Q:$AD,7,0) -> 1 | AE48: =VLOOKUP(X48,'JJBY Pivot'!$Q:$AD,8,0) -> 0 | AF48: =VLOOKUP(X48,'JJBY Pivot'!$Q:$AD,9,0) -> 0 | AG48: =VLOOKUP(X48,'JJBY Pivot'!$Q:$AD,10,0) -> 0 | AH48: =VLOOKUP(X48,'JJBY Pivot'!$Q:$AD,11,0) -> 0 | AI48: =VLOOKUP(X48,'JJBY Pivot'!$Q:$AD,12,0) -> 0 | AJ48: =VLOOKUP(X48,'JJBY Pivot'!$Q:$AD,13,0) -> 0 | AK48: =VLOOKUP(X48,'JJBY Pivot'!$Q:$AD,14,0) -> 4
B49: =ROW()-ROW($B$41) -> 8 | C49: Rajiul Momin | D49: =VLOOKUP(C49,'JJBY Pivot'!$A:$O,2,0) -> 144 | E49: =VLOOKUP(C49,'JJBY Pivot'!$A:$O,3,0) -> 3 | F49: =VLOOKUP(C49,'JJBY Pivot'!$A:$O,4,0) -> 4 | G49: =VLOOKUP(C49,'JJBY Pivot'!$A:$O,5,0) -> 2 | H49: =VLOOKUP(C49,'JJBY Pivot'!$A:$O,6,0) -> 6 | I49: =VLOOKUP(C49,'JJBY Pivot'!$A:$O,7,0) -> 2 | J49: =VLOOKUP(C49,'JJBY Pivot'!$A:$O,8,0) -> 0 | K49: =VLOOKUP(C49,'JJBY Pivot'!$A:$O,9,0) -> 0 | L49: =VLOOKUP(C49,'JJBY Pivot'!$A:$O,10,0) -> 0 | M49: =VLOOKUP(C49,'JJBY Pivot'!$A:$O,11,0) -> 0 | N49: =VLOOKUP(C49,'JJBY Pivot'!$A:$O,12,0) -> 0 | O49: =VLOOKUP(C49,'JJBY Pivot'!$A:$O,13,0) -> 0 | P49: =VLOOKUP(C49,'JJBY Pivot'!$A:$O,14,0) -> 0 | Q49: =SUM(E49:P49) -> 17 | R49: =Q49/D49 -> 0.11805556 | W49: =ROW()-ROW($B$41) -> 8 | X49: =C49 -> Rajiul Momin | Y49: =VLOOKUP(X49,'JJBY Pivot'!$Q:$AD,2,0) -> 1 | Z49: =VLOOKUP(X49,'JJBY Pivot'!$Q:$AD,3,0) -> 1 | AA49: =VLOOKUP(X49,'JJBY Pivot'!$Q:$AD,4,0) -> 1 | AB49: =VLOOKUP(X49,'JJBY Pivot'!$Q:$AD,5,0) -> 2 | AC49: =VLOOKUP(X49,'JJBY Pivot'!$Q:$AD,6,0) -> 1 | AD49: =VLOOKUP(X49,'JJBY Pivot'!$Q:$AD,7,0) -> 0 | AE49: =VLOOKUP(X49,'JJBY Pivot'!$Q:$AD,8,0) -> 0 | AF49: =VLOOKUP(X49,'JJBY Pivot'!$Q:$AD,9,0) -> 0 | AG49: =VLOOKUP(X49,'JJBY Pivot'!$Q:$AD,10,0) -> 0 | AH49: =VLOOKUP(X49,'JJBY Pivot'!$Q:$AD,11,0) -> 0 | AI49: =VLOOKUP(X49,'JJBY Pivot'!$Q:$AD,12,0) -> 0 | AJ49: =VLOOKUP(X49,'JJBY Pivot'!$Q:$AD,13,0) -> 0 | AK49: =VLOOKUP(X49,'JJBY Pivot'!$Q:$AD,14,0) -> 2
B50: =ROW()-ROW($B$41) -> 9 | C50: Shyamalesh Sarkar | D50: =VLOOKUP(C50,'JJBY Pivot'!$A:$O,2,0) -> 216 | E50: =VLOOKUP(C50,'JJBY Pivot'!$A:$O,3,0) -> 13 | F50: =VLOOKUP(C50,'JJBY Pivot'!$A:$O,4,0) -> 1 | G50: =VLOOKUP(C50,'JJBY Pivot'!$A:$O,5,0) -> 2 | H50: =VLOOKUP(C50,'JJBY Pivot'!$A:$O,6,0) -> 2 | I50: =VLOOKUP(C50,'JJBY Pivot'!$A:$O,7,0) -> 4 | J50: =VLOOKUP(C50,'JJBY Pivot'!$A:$O,8,0) -> 0 | K50: =VLOOKUP(C50,'JJBY Pivot'!$A:$O,9,0) -> 0 | L50: =VLOOKUP(C50,'JJBY Pivot'!$A:$O,10,0) -> 0 | M50: =VLOOKUP(C50,'JJBY Pivot'!$A:$O,11,0) -> 0 | N50: =VLOOKUP(C50,'JJBY Pivot'!$A:$O,12,0) -> 0 | O50: =VLOOKUP(C50,'JJBY Pivot'!$A:$O,13,0) -> 0 | P50: =VLOOKUP(C50,'JJBY Pivot'!$A:$O,14,0) -> 0 | Q50: =SUM(E50:P50) -> 22 | R50: =Q50/D50 -> 0.10185185 | W50: =ROW()-ROW($B$41) -> 9 | X50: =C50 -> Shyamalesh Sarkar | Y50: =VLOOKUP(X50,'JJBY Pivot'!$Q:$AD,2,0) -> 3 | Z50: =VLOOKUP(X50,'JJBY Pivot'!$Q:$AD,3,0) -> 1 | AA50: =VLOOKUP(X50,'JJBY Pivot'!$Q:$AD,4,0) -> 1 | AB50: =VLOOKUP(X50,'JJBY Pivot'!$Q:$AD,5,0) -> 2 | AC50: =VLOOKUP(X50,'JJBY Pivot'!$Q:$AD,6,0) -> 1 | AD50: =VLOOKUP(X50,'JJBY Pivot'!$Q:$AD,7,0) -> 0 | AE50: =VLOOKUP(X50,'JJBY Pivot'!$Q:$AD,8,0) -> 0 | AF50: =VLOOKUP(X50,'JJBY Pivot'!$Q:$AD,9,0) -> 0 | AG50: =VLOOKUP(X50,'JJBY Pivot'!$Q:$AD,10,0) -> 0 | AH50: =VLOOKUP(X50,'JJBY Pivot'!$Q:$AD,11,0) -> 0 | AI50: =VLOOKUP(X50,'JJBY Pivot'!$Q:$AD,12,0) -> 0 | AJ50: =VLOOKUP(X50,'JJBY Pivot'!$Q:$AD,13,0) -> 0 | AK50: =VLOOKUP(X50,'JJBY Pivot'!$Q:$AD,14,0) -> 3
B51: =ROW()-ROW($B$41) -> 10 | C51: Pijush Singha | D51: =VLOOKUP(C51,'JJBY Pivot'!$A:$O,2,0) -> 144 | E51: =VLOOKUP(C51,'JJBY Pivot'!$A:$O,3,0) -> 0 | F51: =VLOOKUP(C51,'JJBY Pivot'!$A:$O,4,0) -> 2 | G51: =VLOOKUP(C51,'JJBY Pivot'!$A:$O,5,0) -> 2 | H51: =VLOOKUP(C51,'JJBY Pivot'!$A:$O,6,0) -> 5 | I51: =VLOOKUP(C51,'JJBY Pivot'!$A:$O,7,0) -> 1 | J51: =VLOOKUP(C51,'JJBY Pivot'!$A:$O,8,0) -> 2 | K51: =VLOOKUP(C51,'JJBY Pivot'!$A:$O,9,0) -> 0 | L51: =VLOOKUP(C51,'JJBY Pivot'!$A:$O,10,0) -> 0 | M51: =VLOOKUP(C51,'JJBY Pivot'!$A:$O,11,0) -> 0 | N51: =VLOOKUP(C51,'JJBY Pivot'!$A:$O,12,0) -> 0 | O51: =VLOOKUP(C51,'JJBY Pivot'!$A:$O,13,0) -> 0 | P51: =VLOOKUP(C51,'JJBY Pivot'!$A:$O,14,0) -> 0 | Q51: =SUM(E51:P51) -> 12 | R51: =Q51/D51 -> 0.083333333 | W51: =ROW()-ROW($B$41) -> 10 | X51: =C51 -> Pijush Singha | Y51: =VLOOKUP(X51,'JJBY Pivot'!$Q:$AD,2,0) -> 0 | Z51: =VLOOKUP(X51,'JJBY Pivot'!$Q:$AD,3,0) -> 1 | AA51: =VLOOKUP(X51,'JJBY Pivot'!$Q:$AD,4,0) -> 1 | AB51: =VLOOKUP(X51,'JJBY Pivot'!$Q:$AD,5,0) -> 1 | AC51: =VLOOKUP(X51,'JJBY Pivot'!$Q:$AD,6,0) -> 1 | AD51: =VLOOKUP(X51,'JJBY Pivot'!$Q:$AD,7,0) -> 1 | AE51: =VLOOKUP(X51,'JJBY Pivot'!$Q:$AD,8,0) -> 0 | AF51: =VLOOKUP(X51,'JJBY Pivot'!$Q:$AD,9,0) -> 0 | AG51: =VLOOKUP(X51,'JJBY Pivot'!$Q:$AD,10,0) -> 0 | AH51: =VLOOKUP(X51,'JJBY Pivot'!$Q:$AD,11,0) -> 0 | AI51: =VLOOKUP(X51,'JJBY Pivot'!$Q:$AD,12,0) -> 0 | AJ51: =VLOOKUP(X51,'JJBY Pivot'!$Q:$AD,13,0) -> 0 | AK51: =VLOOKUP(X51,'JJBY Pivot'!$Q:$AD,14,0) -> 1
B52: =ROW()-ROW($B$41) -> 11 | C52: Under Office (Birbhum) | D52: =VLOOKUP(C52,'JJBY Pivot'!$A:$O,2,0) -> 456 | E52: =VLOOKUP(C52,'JJBY Pivot'!$A:$O,3,0) -> 7 | F52: =VLOOKUP(C52,'JJBY Pivot'!$A:$O,4,0) -> 6 | G52: =VLOOKUP(C52,'JJBY Pivot'!$A:$O,5,0) -> 11 | H52: =VLOOKUP(C52,'JJBY Pivot'!$A:$O,6,0) -> 6 | I52: =VLOOKUP(C52,'JJBY Pivot'!$A:$O,7,0) -> 5 | J52: =VLOOKUP(C52,'JJBY Pivot'!$A:$O,8,0) -> 1 | K52: =VLOOKUP(C52,'JJBY Pivot'!$A:$O,9,0) -> 0 | L52: =VLOOKUP(C52,'JJBY Pivot'!$A:$O,10,0) -> 0 | M52: =VLOOKUP(C52,'JJBY Pivot'!$A:$O,11,0) -> 0 | N52: =VLOOKUP(C52,'JJBY Pivot'!$A:$O,12,0) -> 0 | O52: =VLOOKUP(C52,'JJBY Pivot'!$A:$O,13,0) -> 0 | P52: =VLOOKUP(C52,'JJBY Pivot'!$A:$O,14,0) -> 0 | Q52: =SUM(E52:P52) -> 36 | R52: =Q52/D52 -> 0.078947368 | W52: =ROW()-ROW($B$41) -> 11 | X52: =C52 -> Under Office (Birbhum) | Y52: =VLOOKUP(X52,'JJBY Pivot'!$Q:$AD,2,0) -> 2 | Z52: =VLOOKUP(X52,'JJBY Pivot'!$Q:$AD,3,0) -> 2 | AA52: =VLOOKUP(X52,'JJBY Pivot'!$Q:$AD,4,0) -> 3 | AB52: =VLOOKUP(X52,'JJBY Pivot'!$Q:$AD,5,0) -> 3 | AC52: =VLOOKUP(X52,'JJBY Pivot'!$Q:$AD,6,0) -> 2 | AD52: =VLOOKUP(X52,'JJBY Pivot'!$Q:$AD,7,0) -> 1 | AE52: =VLOOKUP(X52,'JJBY Pivot'!$Q:$AD,8,0) -> 0 | AF52: =VLOOKUP(X52,'JJBY Pivot'!$Q:$AD,9,0) -> 0 | AG52: =VLOOKUP(X52,'JJBY Pivot'!$Q:$AD,10,0) -> 0 | AH52: =VLOOKUP(X52,'JJBY Pivot'!$Q:$AD,11,0) -> 0 | AI52: =VLOOKUP(X52,'JJBY Pivot'!$Q:$AD,12,0) -> 0 | AJ52: =VLOOKUP(X52,'JJBY Pivot'!$Q:$AD,13,0) -> 0 | AK52: =VLOOKUP(X52,'JJBY Pivot'!$Q:$AD,14,0) -> 5
B53: =ROW()-ROW($B$41) -> 12 | C53: Avi Sk | D53: =VLOOKUP(C53,'JJBY Pivot'!$A:$O,2,0) -> 216 | E53: =VLOOKUP(C53,'JJBY Pivot'!$A:$O,3,0) -> 0 | F53: =VLOOKUP(C53,'JJBY Pivot'!$A:$O,4,0) -> 3 | G53: =VLOOKUP(C53,'JJBY Pivot'!$A:$O,5,0) -> 5 | H53: =VLOOKUP(C53,'JJBY Pivot'!$A:$O,6,0) -> 2 | I53: =VLOOKUP(C53,'JJBY Pivot'!$A:$O,7,0) -> 1 | J53: =VLOOKUP(C53,'JJBY Pivot'!$A:$O,8,0) -> 0 | K53: =VLOOKUP(C53,'JJBY Pivot'!$A:$O,9,0) -> 0 | L53: =VLOOKUP(C53,'JJBY Pivot'!$A:$O,10,0) -> 0 | M53: =VLOOKUP(C53,'JJBY Pivot'!$A:$O,11,0) -> 0 | N53: =VLOOKUP(C53,'JJBY Pivot'!$A:$O,12,0) -> 0 | O53: =VLOOKUP(C53,'JJBY Pivot'!$A:$O,13,0) -> 0 | P53: =VLOOKUP(C53,'JJBY Pivot'!$A:$O,14,0) -> 0 | Q53: =SUM(E53:P53) -> 11 | R53: =Q53/D53 -> 0.050925926 | W53: =ROW()-ROW($B$41) -> 12 | X53: =C53 -> Avi Sk | Y53: =VLOOKUP(X53,'JJBY Pivot'!$Q:$AD,2,0) -> 0 | Z53: =VLOOKUP(X53,'JJBY Pivot'!$Q:$AD,3,0) -> 1 | AA53: =VLOOKUP(X53,'JJBY Pivot'!$Q:$AD,4,0) -> 1 | AB53: =VLOOKUP(X53,'JJBY Pivot'!$Q:$AD,5,0) -> 1 | AC53: =VLOOKUP(X53,'JJBY Pivot'!$Q:$AD,6,0) -> 1 | AD53: =VLOOKUP(X53,'JJBY Pivot'!$Q:$AD,7,0) -> 0 | AE53: =VLOOKUP(X53,'JJBY Pivot'!$Q:$AD,8,0) -> 0 | AF53: =VLOOKUP(X53,'JJBY Pivot'!$Q:$AD,9,0) -> 0 | AG53: =VLOOKUP(X53,'JJBY Pivot'!$Q:$AD,10,0) -> 0 | AH53: =VLOOKUP(X53,'JJBY Pivot'!$Q:$AD,11,0) -> 0 | AI53: =VLOOKUP(X53,'JJBY Pivot'!$Q:$AD,12,0) -> 0 | AJ53: =VLOOKUP(X53,'JJBY Pivot'!$Q:$AD,13,0) -> 0 | AK53: =VLOOKUP(X53,'JJBY Pivot'!$Q:$AD,14,0) -> 2
... B55: =ROW()-ROW($B$41) -> 14 | C55: Mousumi Sarkar | D55: =VLOOKUP(C55,'JJBY Pivot'!$A:$O,2,0) -> 24 | E55: =VLOOKUP(C55,'JJBY Pivot'!$A:$O,3,0) -> 0 | F55: =VLOOKUP(C55,'JJBY Pivot'!$A:$O,4,0) -> 0 | G55: =VLOOKUP(C55,'JJBY Pivot'!$A:$O,5,0) -> 0 | H55: =VLOOKUP(C55,'JJBY Pivot'!$A:$O,6,0) -> 0 | I55: =VLOOKUP(C55,'JJBY Pivot'!$A:$O,7,0) -> 0 | J55: =VLOOKUP(C55,'JJBY Pivot'!$A:$O,8,0) -> 0 | K55: =VLOOKUP(C55,'JJBY Pivot'!$A:$O,9,0) -> 0 | L55: =VLOOKUP(C55,'JJBY Pivot'!$A:$O,10,0) -> 0 | M55: =VLOOKUP(C55,'JJBY Pivot'!$A:$O,11,0) -> 0 | N55: =VLOOKUP(C55,'JJBY Pivot'!$A:$O,12,0) -> 0 | O55: =VLOOKUP(C55,'JJBY Pivot'!$A:$O,13,0) -> 0 | P55: =VLOOKUP(C55,'JJBY Pivot'!$A:$O,14,0) -> 0 | Q55: =SUM(E55:P55) -> 0 | R55: =Q55/D55 -> 0 | W55: =ROW()-ROW($B$41) -> 14 | X55: =C55 -> Mousumi Sarkar | Y55: =VLOOKUP(X55,'JJBY Pivot'!$Q:$AD,2,0) -> 0 | Z55: =VLOOKUP(X55,'JJBY Pivot'!$Q:$AD,3,0) -> 0 | AA55: =VLOOKUP(X55,'JJBY Pivot'!$Q:$AD,4,0) -> 0 | AB55: =VLOOKUP(X55,'JJBY Pivot'!$Q:$AD,5,0) -> 0 | AC55: =VLOOKUP(X55,'JJBY Pivot'!$Q:$AD,6,0) -> 0 | AD55: =VLOOKUP(X55,'JJBY Pivot'!$Q:$AD,7,0) -> 0 | AE55: =VLOOKUP(X55,'JJBY Pivot'!$Q:$AD,8,0) -> 0 | AF55: =VLOOKUP(X55,'JJBY Pivot'!$Q:$AD,9,0) -> 0 | AG55: =VLOOKUP(X55,'JJBY Pivot'!$Q:$AD,10,0) -> 0 | AH55: =VLOOKUP(X55,'JJBY Pivot'!$Q:$AD,11,0) -> 0 | AI55: =VLOOKUP(X55,'JJBY Pivot'!$Q:$AD,12,0) -> 0 | AJ55: =VLOOKUP(X55,'JJBY Pivot'!$Q:$AD,13,0) -> 0 | AK55: =VLOOKUP(X55,'JJBY Pivot'!$Q:$AD,14,0) -> 0
B57: Grand Total | D57: =SUM(D42:D55) -> 5976 | E57: =SUM(E42:E55) -> 213 | F57: =SUM(F42:F55) -> 426 | G57: =SUM(G42:G55) -> 217 | H57: =SUM(H42:H55) -> 239 | I57: =SUM(I42:I55) -> 224 | J57: =SUM(J42:J55) -> 46 | K57: =SUM(K42:K55) -> 0 | ... Q57: =SUM(Q42:Q55) -> 1365 | R57: =Q57/D57 -> 0.22841365 | W57: Grand Total | Y57: =SUM(Y42:Y55) -> 40 | Z57: =SUM(Z42:Z55) -> 47 | AA57: =SUM(AA42:AA55) -> 42 | AB57: =SUM(AB42:AB55) -> 42 | AC57: =SUM(AC42:AC55) -> 35 | AD57: =SUM(AD42:AD55) -> 19 | AE57: =SUM(AE42:AE55) -> 0 | AF57: =SUM(AF42:AF55) -> 0 | ... AK57: =SUM(AK42:AK55) -> 62
B59: PMSBY: DC Wise Summary FY 2026-27 (UCO Bank) | W59: PMSBY: DC Wise Paticipants Summary FY 2026-27 (UCO Bank)
B60: Sl No | C60: DC Name | D60: Target | E60: 46113 | F60: 46143 | G60: 46174 | H60: 46204 | I60: 46235 | J60: 46266 | K60: 46296 | L60: 46327 | M60: 46357 | N60: 46388 | O60: 46419 | P60: 46447 | Q60: Total PMSBY | R60: % of Achievement | W60: Sl No | X60: DC Name | Y60: 46113 | Z60: 46143 | AA60: 46174 | AB60: 46204 | AC60: 46235 | AD60: 46266 | AE60: 46296 | AF60: 46327 | AG60: 46357 | AH60: 46388 | AI60: 46419 | AJ60: 46447 | AK60: Total Count
B61: =ROW()-ROW($B$60) -> 1 | C61: Pijush Singha | D61: =VLOOKUP(C61,'SBY Pivot'!$A:$O,2,0) -> 288 | E61: =VLOOKUP(C61,'SBY Pivot'!$A:$O,3,0) -> 22 | F61: =VLOOKUP(C61,'SBY Pivot'!$A:$O,4,0) -> 45 | G61: =VLOOKUP(C61,'SBY Pivot'!$A:$O,5,0) -> 22 | H61: =VLOOKUP(C61,'SBY Pivot'!$A:$O,6,0) -> 33 | I61: =VLOOKUP(C61,'SBY Pivot'!$A:$O,7,0) -> 25 | J61: =VLOOKUP(C61,'SBY Pivot'!$A:$O,8,0) -> 8 | K61: =VLOOKUP(C61,'SBY Pivot'!$A:$O,9,0) -> 0 | L61: =VLOOKUP(C61,'SBY Pivot'!$A:$O,10,0) -> 0 | M61: =VLOOKUP(C61,'SBY Pivot'!$A:$O,11,0) -> 0 | N61: =VLOOKUP(C61,'SBY Pivot'!$A:$O,12,0) -> 0 | O61: =VLOOKUP(C61,'SBY Pivot'!$A:$O,13,0) -> 0 | P61: =VLOOKUP(C61,'SBY Pivot'!$A:$O,14,0) -> 0 | Q61: =SUM(E61:P61) -> 155 | R61: =Q61/D61 -> 0.53819444 | W61: =ROW()-ROW($B$60) -> 1 | X61: =C61 -> Pijush Singha | Y61: =VLOOKUP(X61,'SBY Pivot'!$Q:$AD,2,0) -> 2 | Z61: =VLOOKUP(X61,'SBY Pivot'!$Q:$AD,3,0) -> 2 | AA61: =VLOOKUP(X61,'SBY Pivot'!$Q:$AD,4,0) -> 2 | AB61: =VLOOKUP(X61,'SBY Pivot'!$Q:$AD,5,0) -> 2 | AC61: =VLOOKUP(X61,'SBY Pivot'!$Q:$AD,6,0) -> 2 | AD61: =VLOOKUP(X61,'SBY Pivot'!$Q:$AD,7,0) -> 2 | AE61: =VLOOKUP(X61,'SBY Pivot'!$Q:$AD,8,0) -> 0 | AF61: =VLOOKUP(X61,'SBY Pivot'!$Q:$AD,9,0) -> 0 | AG61: =VLOOKUP(X61,'SBY Pivot'!$Q:$AD,10,0) -> 0 | AH61: =VLOOKUP(X61,'SBY Pivot'!$Q:$AD,11,0) -> 0 | AI61: =VLOOKUP(X61,'SBY Pivot'!$Q:$AD,12,0) -> 0 | AJ61: =VLOOKUP(X61,'SBY Pivot'!$Q:$AD,13,0) -> 0 | AK61: =VLOOKUP(X61,'SBY Pivot'!$Q:$AD,14,0) -> 2
B62: =ROW()-ROW($B$60) -> 2 | C62: Shyamalesh Sarkar | D62: =VLOOKUP(C62,'SBY Pivot'!$A:$O,2,0) -> 432 | E62: =VLOOKUP(C62,'SBY Pivot'!$A:$O,3,0) -> 25 | F62: =VLOOKUP(C62,'SBY Pivot'!$A:$O,4,0) -> 25 | G62: =VLOOKUP(C62,'SBY Pivot'!$A:$O,5,0) -> 29 | H62: =VLOOKUP(C62,'SBY Pivot'!$A:$O,6,0) -> 91 | I62: =VLOOKUP(C62,'SBY Pivot'!$A:$O,7,0) -> 49 | J62: =VLOOKUP(C62,'SBY Pivot'!$A:$O,8,0) -> 2 | K62: =VLOOKUP(C62,'SBY Pivot'!$A:$O,9,0) -> 0 | L62: =VLOOKUP(C62,'SBY Pivot'!$A:$O,10,0) -> 0 | M62: =VLOOKUP(C62,'SBY Pivot'!$A:$O,11,0) -> 0 | N62: =VLOOKUP(C62,'SBY Pivot'!$A:$O,12,0) -> 0 | O62: =VLOOKUP(C62,'SBY Pivot'!$A:$O,13,0) -> 0 | P62: =VLOOKUP(C62,'SBY Pivot'!$A:$O,14,0) -> 0 | Q62: =SUM(E62:P62) -> 221 | R62: =Q62/D62 -> 0.51157407 | W62: =ROW()-ROW($B$60) -> 2 | X62: =C62 -> Shyamalesh Sarkar | Y62: =VLOOKUP(X62,'SBY Pivot'!$Q:$AD,2,0) -> 3 | Z62: =VLOOKUP(X62,'SBY Pivot'!$Q:$AD,3,0) -> 3 | AA62: =VLOOKUP(X62,'SBY Pivot'!$Q:$AD,4,0) -> 3 | AB62: =VLOOKUP(X62,'SBY Pivot'!$Q:$AD,5,0) -> 3 | AC62: =VLOOKUP(X62,'SBY Pivot'!$Q:$AD,6,0) -> 3 | AD62: =VLOOKUP(X62,'SBY Pivot'!$Q:$AD,7,0) -> 2 | AE62: =VLOOKUP(X62,'SBY Pivot'!$Q:$AD,8,0) -> 0 | AF62: =VLOOKUP(X62,'SBY Pivot'!$Q:$AD,9,0) -> 0 | AG62: =VLOOKUP(X62,'SBY Pivot'!$Q:$AD,10,0) -> 0 | AH62: =VLOOKUP(X62,'SBY Pivot'!$Q:$AD,11,0) -> 0 | AI62: =VLOOKUP(X62,'SBY Pivot'!$Q:$AD,12,0) -> 0 | AJ62: =VLOOKUP(X62,'SBY Pivot'!$Q:$AD,13,0) -> 0 | AK62: =VLOOKUP(X62,'SBY Pivot'!$Q:$AD,14,0) -> 3
B63: =ROW()-ROW($B$60) -> 3 | C63: Sunil Biswas | D63: =VLOOKUP(C63,'SBY Pivot'!$A:$O,2,0) -> 1776 | E63: =VLOOKUP(C63,'SBY Pivot'!$A:$O,3,0) -> 57 | F63: =VLOOKUP(C63,'SBY Pivot'!$A:$O,4,0) -> 311 | G63: =VLOOKUP(C63,'SBY Pivot'!$A:$O,5,0) -> 125 | H63: =VLOOKUP(C63,'SBY Pivot'!$A:$O,6,0) -> 212 | I63: =VLOOKUP(C63,'SBY Pivot'!$A:$O,7,0) -> 103 | J63: =VLOOKUP(C63,'SBY Pivot'!$A:$O,8,0) -> 15 | K63: =VLOOKUP(C63,'SBY Pivot'!$A:$O,9,0) -> 0 | L63: =VLOOKUP(C63,'SBY Pivot'!$A:$O,10,0) -> 0 | M63: =VLOOKUP(C63,'SBY Pivot'!$A:$O,11,0) -> 0 | N63: =VLOOKUP(C63,'SBY Pivot'!$A:$O,12,0) -> 0 | O63: =VLOOKUP(C63,'SBY Pivot'!$A:$O,13,0) -> 0 | P63: =VLOOKUP(C63,'SBY Pivot'!$A:$O,14,0) -> 0 | Q63: =SUM(E63:P63) -> 823 | R63: =Q63/D63 -> 0.4634009 | W63: =ROW()-ROW($B$60) -> 3 | X63: =C63 -> Sunil Biswas | Y63: =VLOOKUP(X63,'SBY Pivot'!$Q:$AD,2,0) -> 9 | Z63: =VLOOKUP(X63,'SBY Pivot'!$Q:$AD,3,0) -> 10 | AA63: =VLOOKUP(X63,'SBY Pivot'!$Q:$AD,4,0) -> 11 | AB63: =VLOOKUP(X63,'SBY Pivot'!$Q:$AD,5,0) -> 12 | AC63: =VLOOKUP(X63,'SBY Pivot'!$Q:$AD,6,0) -> 11 | AD63: =VLOOKUP(X63,'SBY Pivot'!$Q:$AD,7,0) -> 7 | AE63: =VLOOKUP(X63,'SBY Pivot'!$Q:$AD,8,0) -> 0 | AF63: =VLOOKUP(X63,'SBY Pivot'!$Q:$AD,9,0) -> 0 | AG63: =VLOOKUP(X63,'SBY Pivot'!$Q:$AD,10,0) -> 0 | AH63: =VLOOKUP(X63,'SBY Pivot'!$Q:$AD,11,0) -> 0 | AI63: =VLOOKUP(X63,'SBY Pivot'!$Q:$AD,12,0) -> 0 | AJ63: =VLOOKUP(X63,'SBY Pivot'!$Q:$AD,13,0) -> 0 | AK63: =VLOOKUP(X63,'SBY Pivot'!$Q:$AD,14,0) -> 14
B64: =ROW()-ROW($B$60) -> 4 | C64: Rajendra Kumar Bapari | D64: =VLOOKUP(C64,'SBY Pivot'!$A:$O,2,0) -> 432 | E64: =VLOOKUP(C64,'SBY Pivot'!$A:$O,3,0) -> 12 | F64: =VLOOKUP(C64,'SBY Pivot'!$A:$O,4,0) -> 51 | G64: =VLOOKUP(C64,'SBY Pivot'!$A:$O,5,0) -> 42 | H64: =VLOOKUP(C64,'SBY Pivot'!$A:$O,6,0) -> 28 | I64: =VLOOKUP(C64,'SBY Pivot'!$A:$O,7,0) -> 42 | J64: =VLOOKUP(C64,'SBY Pivot'!$A:$O,8,0) -> 8 | K64: =VLOOKUP(C64,'SBY Pivot'!$A:$O,9,0) -> 0 | L64: =VLOOKUP(C64,'SBY Pivot'!$A:$O,10,0) -> 0 | M64: =VLOOKUP(C64,'SBY Pivot'!$A:$O,11,0) -> 0 | N64: =VLOOKUP(C64,'SBY Pivot'!$A:$O,12,0) -> 0 | O64: =VLOOKUP(C64,'SBY Pivot'!$A:$O,13,0) -> 0 | P64: =VLOOKUP(C64,'SBY Pivot'!$A:$O,14,0) -> 0 | Q64: =SUM(E64:P64) -> 183 | R64: =Q64/D64 -> 0.42361111 | W64: =ROW()-ROW($B$60) -> 4 | X64: =C64 -> Rajendra Kumar Bapari | Y64: =VLOOKUP(X64,'SBY Pivot'!$Q:$AD,2,0) -> 3 | Z64: =VLOOKUP(X64,'SBY Pivot'!$Q:$AD,3,0) -> 3 | AA64: =VLOOKUP(X64,'SBY Pivot'!$Q:$AD,4,0) -> 3 | AB64: =VLOOKUP(X64,'SBY Pivot'!$Q:$AD,5,0) -> 3 | AC64: =VLOOKUP(X64,'SBY Pivot'!$Q:$AD,6,0) -> 3 | AD64: =VLOOKUP(X64,'SBY Pivot'!$Q:$AD,7,0) -> 3 | AE64: =VLOOKUP(X64,'SBY Pivot'!$Q:$AD,8,0) -> 0 | AF64: =VLOOKUP(X64,'SBY Pivot'!$Q:$AD,9,0) -> 0 | AG64: =VLOOKUP(X64,'SBY Pivot'!$Q:$AD,10,0) -> 0 | AH64: =VLOOKUP(X64,'SBY Pivot'!$Q:$AD,11,0) -> 0 | AI64: =VLOOKUP(X64,'SBY Pivot'!$Q:$AD,12,0) -> 0 | AJ64: =VLOOKUP(X64,'SBY Pivot'!$Q:$AD,13,0) -> 0 | AK64: =VLOOKUP(X64,'SBY Pivot'!$Q:$AD,14,0) -> 3
B65: =ROW()-ROW($B$60) -> 5 | C65: Manindra Nath Barman | D65: =VLOOKUP(C65,'SBY Pivot'!$A:$O,2,0) -> 768 | E65: =VLOOKUP(C65,'SBY Pivot'!$A:$O,3,0) -> 43 | F65: =VLOOKUP(C65,'SBY Pivot'!$A:$O,4,0) -> 58 | G65: =VLOOKUP(C65,'SBY Pivot'!$A:$O,5,0) -> 66 | H65: =VLOOKUP(C65,'SBY Pivot'!$A:$O,6,0) -> 75 | I65: =VLOOKUP(C65,'SBY Pivot'!$A:$O,7,0) -> 68 | J65: =VLOOKUP(C65,'SBY Pivot'!$A:$O,8,0) -> 8 | K65: =VLOOKUP(C65,'SBY Pivot'!$A:$O,9,0) -> 0 | L65: =VLOOKUP(C65,'SBY Pivot'!$A:$O,10,0) -> 0 | M65: =VLOOKUP(C65,'SBY Pivot'!$A:$O,11,0) -> 0 | N65: =VLOOKUP(C65,'SBY Pivot'!$A:$O,12,0) -> 0 | O65: =VLOOKUP(C65,'SBY Pivot'!$A:$O,13,0) -> 0 | P65: =VLOOKUP(C65,'SBY Pivot'!$A:$O,14,0) -> 0 | Q65: =SUM(E65:P65) -> 318 | R65: =Q65/D65 -> 0.4140625 | W65: =ROW()-ROW($B$60) -> 5 | X65: =C65 -> Manindra Nath Barman | Y65: =VLOOKUP(X65,'SBY Pivot'!$Q:$AD,2,0) -> 3 | Z65: =VLOOKUP(X65,'SBY Pivot'!$Q:$AD,3,0) -> 3 | AA65: =VLOOKUP(X65,'SBY Pivot'!$Q:$AD,4,0) -> 4 | AB65: =VLOOKUP(X65,'SBY Pivot'!$Q:$AD,5,0) -> 5 | AC65: =VLOOKUP(X65,'SBY Pivot'!$Q:$AD,6,0) -> 6 | AD65: =VLOOKUP(X65,'SBY Pivot'!$Q:$AD,7,0) -> 4 | AE65: =VLOOKUP(X65,'SBY Pivot'!$Q:$AD,8,0) -> 0 | AF65: =VLOOKUP(X65,'SBY Pivot'!$Q:$AD,9,0) -> 0 | AG65: =VLOOKUP(X65,'SBY Pivot'!$Q:$AD,10,0) -> 0 | AH65: =VLOOKUP(X65,'SBY Pivot'!$Q:$AD,11,0) -> 0 | AI65: =VLOOKUP(X65,'SBY Pivot'!$Q:$AD,12,0) -> 0 | AJ65: =VLOOKUP(X65,'SBY Pivot'!$Q:$AD,13,0) -> 0 | AK65: =VLOOKUP(X65,'SBY Pivot'!$Q:$AD,14,0) -> 6
B66: =ROW()-ROW($B$60) -> 6 | C66: Sanjoy Paul | D66: =VLOOKUP(C66,'SBY Pivot'!$A:$O,2,0) -> 144 | E66: =VLOOKUP(C66,'SBY Pivot'!$A:$O,3,0) -> 10 | F66: =VLOOKUP(C66,'SBY Pivot'!$A:$O,4,0) -> 18 | G66: =VLOOKUP(C66,'SBY Pivot'!$A:$O,5,0) -> 7 | H66: =VLOOKUP(C66,'SBY Pivot'!$A:$O,6,0) -> 8 | I66: =VLOOKUP(C66,'SBY Pivot'!$A:$O,7,0) -> 10 | J66: =VLOOKUP(C66,'SBY Pivot'!$A:$O,8,0) -> 1 | K66: =VLOOKUP(C66,'SBY Pivot'!$A:$O,9,0) -> 0 | L66: =VLOOKUP(C66,'SBY Pivot'!$A:$O,10,0) -> 0 | M66: =VLOOKUP(C66,'SBY Pivot'!$A:$O,11,0) -> 0 | N66: =VLOOKUP(C66,'SBY Pivot'!$A:$O,12,0) -> 0 | O66: =VLOOKUP(C66,'SBY Pivot'!$A:$O,13,0) -> 0 | P66: =VLOOKUP(C66,'SBY Pivot'!$A:$O,14,0) -> 0 | Q66: =SUM(E66:P66) -> 54 | R66: =Q66/D66 -> 0.375 | W66: =ROW()-ROW($B$60) -> 6 | X66: =C66 -> Sanjoy Paul | Y66: =VLOOKUP(X66,'SBY Pivot'!$Q:$AD,2,0) -> 1 | Z66: =VLOOKUP(X66,'SBY Pivot'!$Q:$AD,3,0) -> 1 | AA66: =VLOOKUP(X66,'SBY Pivot'!$Q:$AD,4,0) -> 1 | AB66: =VLOOKUP(X66,'SBY Pivot'!$Q:$AD,5,0) -> 1 | AC66: =VLOOKUP(X66,'SBY Pivot'!$Q:$AD,6,0) -> 1 | AD66: =VLOOKUP(X66,'SBY Pivot'!$Q:$AD,7,0) -> 1 | AE66: =VLOOKUP(X66,'SBY Pivot'!$Q:$AD,8,0) -> 0 | AF66: =VLOOKUP(X66,'SBY Pivot'!$Q:$AD,9,0) -> 0 | AG66: =VLOOKUP(X66,'SBY Pivot'!$Q:$AD,10,0) -> 0 | AH66: =VLOOKUP(X66,'SBY Pivot'!$Q:$AD,11,0) -> 0 | AI66: =VLOOKUP(X66,'SBY Pivot'!$Q:$AD,12,0) -> 0 | AJ66: =VLOOKUP(X66,'SBY Pivot'!$Q:$AD,13,0) -> 0 | AK66: =VLOOKUP(X66,'SBY Pivot'!$Q:$AD,14,0) -> 1
B67: =ROW()-ROW($B$60) -> 7 | C67: Souvik Maity | D67: =VLOOKUP(C67,'SBY Pivot'!$A:$O,2,0) -> 2208 | E67: =VLOOKUP(C67,'SBY Pivot'!$A:$O,3,0) -> 95 | F67: =VLOOKUP(C67,'SBY Pivot'!$A:$O,4,0) -> 240 | G67: =VLOOKUP(C67,'SBY Pivot'!$A:$O,5,0) -> 186 | H67: =VLOOKUP(C67,'SBY Pivot'!$A:$O,6,0) -> 165 | I67: =VLOOKUP(C67,'SBY Pivot'!$A:$O,7,0) -> 118 | J67: =VLOOKUP(C67,'SBY Pivot'!$A:$O,8,0) -> 17 | K67: =VLOOKUP(C67,'SBY Pivot'!$A:$O,9,0) -> 0 | L67: =VLOOKUP(C67,'SBY Pivot'!$A:$O,10,0) -> 0 | M67: =VLOOKUP(C67,'SBY Pivot'!$A:$O,11,0) -> 0 | N67: =VLOOKUP(C67,'SBY Pivot'!$A:$O,12,0) -> 0 | O67: =VLOOKUP(C67,'SBY Pivot'!$A:$O,13,0) -> 0 | P67: =VLOOKUP(C67,'SBY Pivot'!$A:$O,14,0) -> 0 | Q67: =SUM(E67:P67) -> 821 | R67: =Q67/D67 -> 0.37182971 | W67: =ROW()-ROW($B$60) -> 7 | X67: =C67 -> Souvik Maity | Y67: =VLOOKUP(X67,'SBY Pivot'!$Q:$AD,2,0) -> 14 | Z67: =VLOOKUP(X67,'SBY Pivot'!$Q:$AD,3,0) -> 15 | AA67: =VLOOKUP(X67,'SBY Pivot'!$Q:$AD,4,0) -> 13 | AB67: =VLOOKUP(X67,'SBY Pivot'!$Q:$AD,5,0) -> 12 | AC67: =VLOOKUP(X67,'SBY Pivot'!$Q:$AD,6,0) -> 14 | AD67: =VLOOKUP(X67,'SBY Pivot'!$Q:$AD,7,0) -> 7 | AE67: =VLOOKUP(X67,'SBY Pivot'!$Q:$AD,8,0) -> 0 | AF67: =VLOOKUP(X67,'SBY Pivot'!$Q:$AD,9,0) -> 0 | AG67: =VLOOKUP(X67,'SBY Pivot'!$Q:$AD,10,0) -> 0 | AH67: =VLOOKUP(X67,'SBY Pivot'!$Q:$AD,11,0) -> 0 | AI67: =VLOOKUP(X67,'SBY Pivot'!$Q:$AD,12,0) -> 0 | AJ67: =VLOOKUP(X67,'SBY Pivot'!$Q:$AD,13,0) -> 0 | AK67: =VLOOKUP(X67,'SBY Pivot'!$Q:$AD,14,0) -> 16
B68: =ROW()-ROW($B$60) -> 8 | C68: Chandi Charan Mahato | D68: =VLOOKUP(C68,'SBY Pivot'!$A:$O,2,0) -> 672 | E68: =VLOOKUP(C68,'SBY Pivot'!$A:$O,3,0) -> 55 | F68: =VLOOKUP(C68,'SBY Pivot'!$A:$O,4,0) -> 75 | G68: =VLOOKUP(C68,'SBY Pivot'!$A:$O,5,0) -> 34 | H68: =VLOOKUP(C68,'SBY Pivot'!$A:$O,6,0) -> 27 | I68: =VLOOKUP(C68,'SBY Pivot'!$A:$O,7,0) -> 51 | J68: =VLOOKUP(C68,'SBY Pivot'!$A:$O,8,0) -> 6 | K68: =VLOOKUP(C68,'SBY Pivot'!$A:$O,9,0) -> 0 | L68: =VLOOKUP(C68,'SBY Pivot'!$A:$O,10,0) -> 0 | M68: =VLOOKUP(C68,'SBY Pivot'!$A:$O,11,0) -> 0 | N68: =VLOOKUP(C68,'SBY Pivot'!$A:$O,12,0) -> 0 | O68: =VLOOKUP(C68,'SBY Pivot'!$A:$O,13,0) -> 0 | P68: =VLOOKUP(C68,'SBY Pivot'!$A:$O,14,0) -> 0 | Q68: =SUM(E68:P68) -> 248 | R68: =Q68/D68 -> 0.36904762 | W68: =ROW()-ROW($B$60) -> 8 | X68: =C68 -> Chandi Charan Mahato | Y68: =VLOOKUP(X68,'SBY Pivot'!$Q:$AD,2,0) -> 4 | Z68: =VLOOKUP(X68,'SBY Pivot'!$Q:$AD,3,0) -> 5 | AA68: =VLOOKUP(X68,'SBY Pivot'!$Q:$AD,4,0) -> 4 | AB68: =VLOOKUP(X68,'SBY Pivot'!$Q:$AD,5,0) -> 2 | AC68: =VLOOKUP(X68,'SBY Pivot'!$Q:$AD,6,0) -> 4 | AD68: =VLOOKUP(X68,'SBY Pivot'!$Q:$AD,7,0) -> 2 | AE68: =VLOOKUP(X68,'SBY Pivot'!$Q:$AD,8,0) -> 0 | AF68: =VLOOKUP(X68,'SBY Pivot'!$Q:$AD,9,0) -> 0 | AG68: =VLOOKUP(X68,'SBY Pivot'!$Q:$AD,10,0) -> 0 | AH68: =VLOOKUP(X68,'SBY Pivot'!$Q:$AD,11,0) -> 0 | AI68: =VLOOKUP(X68,'SBY Pivot'!$Q:$AD,12,0) -> 0 | AJ68: =VLOOKUP(X68,'SBY Pivot'!$Q:$AD,13,0) -> 0 | AK68: =VLOOKUP(X68,'SBY Pivot'!$Q:$AD,14,0) -> 5
B69: =ROW()-ROW($B$60) -> 9 | C69: Rajiul Momin | D69: =VLOOKUP(C69,'SBY Pivot'!$A:$O,2,0) -> 288 | E69: =VLOOKUP(C69,'SBY Pivot'!$A:$O,3,0) -> 8 | F69: =VLOOKUP(C69,'SBY Pivot'!$A:$O,4,0) -> 22 | G69: =VLOOKUP(C69,'SBY Pivot'!$A:$O,5,0) -> 21 | H69: =VLOOKUP(C69,'SBY Pivot'!$A:$O,6,0) -> 26 | I69: =VLOOKUP(C69,'SBY Pivot'!$A:$O,7,0) -> 6 | J69: =VLOOKUP(C69,'SBY Pivot'!$A:$O,8,0) -> 8 | K69: =VLOOKUP(C69,'SBY Pivot'!$A:$O,9,0) -> 0 | L69: =VLOOKUP(C69,'SBY Pivot'!$A:$O,10,0) -> 0 | M69: =VLOOKUP(C69,'SBY Pivot'!$A:$O,11,0) -> 0 | N69: =VLOOKUP(C69,'SBY Pivot'!$A:$O,12,0) -> 0 | O69: =VLOOKUP(C69,'SBY Pivot'!$A:$O,13,0) -> 0 | P69: =VLOOKUP(C69,'SBY Pivot'!$A:$O,14,0) -> 0 | Q69: =SUM(E69:P69) -> 91 | R69: =Q69/D69 -> 0.31597222 | W69: =ROW()-ROW($B$60) -> 9 | X69: =C69 -> Rajiul Momin | Y69: =VLOOKUP(X69,'SBY Pivot'!$Q:$AD,2,0) -> 1 | Z69: =VLOOKUP(X69,'SBY Pivot'!$Q:$AD,3,0) -> 2 | AA69: =VLOOKUP(X69,'SBY Pivot'!$Q:$AD,4,0) -> 2 | AB69: =VLOOKUP(X69,'SBY Pivot'!$Q:$AD,5,0) -> 2 | AC69: =VLOOKUP(X69,'SBY Pivot'!$Q:$AD,6,0) -> 2 | AD69: =VLOOKUP(X69,'SBY Pivot'!$Q:$AD,7,0) -> 2 | AE69: =VLOOKUP(X69,'SBY Pivot'!$Q:$AD,8,0) -> 0 | AF69: =VLOOKUP(X69,'SBY Pivot'!$Q:$AD,9,0) -> 0 | AG69: =VLOOKUP(X69,'SBY Pivot'!$Q:$AD,10,0) -> 0 | AH69: =VLOOKUP(X69,'SBY Pivot'!$Q:$AD,11,0) -> 0 | AI69: =VLOOKUP(X69,'SBY Pivot'!$Q:$AD,12,0) -> 0 | AJ69: =VLOOKUP(X69,'SBY Pivot'!$Q:$AD,13,0) -> 0 | AK69: =VLOOKUP(X69,'SBY Pivot'!$Q:$AD,14,0) -> 2
B70: =ROW()-ROW($B$60) -> 10 | C70: Under Office (W Medinipur) | D70: =VLOOKUP(C70,'SBY Pivot'!$A:$O,2,0) -> 2736 | E70: =VLOOKUP(C70,'SBY Pivot'!$A:$O,3,0) -> 76 | F70: =VLOOKUP(C70,'SBY Pivot'!$A:$O,4,0) -> 236 | G70: =VLOOKUP(C70,'SBY Pivot'!$A:$O,5,0) -> 147 | H70: =VLOOKUP(C70,'SBY Pivot'!$A:$O,6,0) -> 164 | I70: =VLOOKUP(C70,'SBY Pivot'!$A:$O,7,0) -> 176 | J70: =VLOOKUP(C70,'SBY Pivot'!$A:$O,8,0) -> 34 | K70: =VLOOKUP(C70,'SBY Pivot'!$A:$O,9,0) -> 0 | L70: =VLOOKUP(C70,'SBY Pivot'!$A:$O,10,0) -> 0 | M70: =VLOOKUP(C70,'SBY Pivot'!$A:$O,11,0) -> 0 | N70: =VLOOKUP(C70,'SBY Pivot'!$A:$O,12,0) -> 0 | O70: =VLOOKUP(C70,'SBY Pivot'!$A:$O,13,0) -> 0 | P70: =VLOOKUP(C70,'SBY Pivot'!$A:$O,14,0) -> 0 | Q70: =SUM(E70:P70) -> 833 | R70: =Q70/D70 -> 0.30445906 | W70: =ROW()-ROW($B$60) -> 10 | X70: =C70 -> Under Office (W Medinipur) | Y70: =VLOOKUP(X70,'SBY Pivot'!$Q:$AD,2,0) -> 14 | Z70: =VLOOKUP(X70,'SBY Pivot'!$Q:$AD,3,0) -> 19 | AA70: =VLOOKUP(X70,'SBY Pivot'!$Q:$AD,4,0) -> 17 | AB70: =VLOOKUP(X70,'SBY Pivot'!$Q:$AD,5,0) -> 16 | AC70: =VLOOKUP(X70,'SBY Pivot'!$Q:$AD,6,0) -> 17 | AD70: =VLOOKUP(X70,'SBY Pivot'!$Q:$AD,7,0) -> 11 | AE70: =VLOOKUP(X70,'SBY Pivot'!$Q:$AD,8,0) -> 0 | AF70: =VLOOKUP(X70,'SBY Pivot'!$Q:$AD,9,0) -> 0 | AG70: =VLOOKUP(X70,'SBY Pivot'!$Q:$AD,10,0) -> 0 | AH70: =VLOOKUP(X70,'SBY Pivot'!$Q:$AD,11,0) -> 0 | AI70: =VLOOKUP(X70,'SBY Pivot'!$Q:$AD,12,0) -> 0 | AJ70: =VLOOKUP(X70,'SBY Pivot'!$Q:$AD,13,0) -> 0 | AK70: =VLOOKUP(X70,'SBY Pivot'!$Q:$AD,14,0) -> 19
B71: =ROW()-ROW($B$60) -> 11 | C71: Under Office (Birbhum) | D71: =VLOOKUP(C71,'SBY Pivot'!$A:$O,2,0) -> 912 | E71: =VLOOKUP(C71,'SBY Pivot'!$A:$O,3,0) -> 29 | F71: =VLOOKUP(C71,'SBY Pivot'!$A:$O,4,0) -> 29 | G71: =VLOOKUP(C71,'SBY Pivot'!$A:$O,5,0) -> 50 | H71: =VLOOKUP(C71,'SBY Pivot'!$A:$O,6,0) -> 36 | I71: =VLOOKUP(C71,'SBY Pivot'!$A:$O,7,0) -> 32 | J71: =VLOOKUP(C71,'SBY Pivot'!$A:$O,8,0) -> 8 | K71: =VLOOKUP(C71,'SBY Pivot'!$A:$O,9,0) -> 0 | L71: =VLOOKUP(C71,'SBY Pivot'!$A:$O,10,0) -> 0 | M71: =VLOOKUP(C71,'SBY Pivot'!$A:$O,11,0) -> 0 | N71: =VLOOKUP(C71,'SBY Pivot'!$A:$O,12,0) -> 0 | O71: =VLOOKUP(C71,'SBY Pivot'!$A:$O,13,0) -> 0 | P71: =VLOOKUP(C71,'SBY Pivot'!$A:$O,14,0) -> 0 | Q71: =SUM(E71:P71) -> 184 | R71: =Q71/D71 -> 0.20175439 | W71: =ROW()-ROW($B$60) -> 11 | X71: =C71 -> Under Office (Birbhum) | Y71: =VLOOKUP(X71,'SBY Pivot'!$Q:$AD,2,0) -> 5 | Z71: =VLOOKUP(X71,'SBY Pivot'!$Q:$AD,3,0) -> 5 | AA71: =VLOOKUP(X71,'SBY Pivot'!$Q:$AD,4,0) -> 5 | AB71: =VLOOKUP(X71,'SBY Pivot'!$Q:$AD,5,0) -> 6 | AC71: =VLOOKUP(X71,'SBY Pivot'!$Q:$AD,6,0) -> 6 | AD71: =VLOOKUP(X71,'SBY Pivot'!$Q:$AD,7,0) -> 4 | AE71: =VLOOKUP(X71,'SBY Pivot'!$Q:$AD,8,0) -> 0 | AF71: =VLOOKUP(X71,'SBY Pivot'!$Q:$AD,9,0) -> 0 | AG71: =VLOOKUP(X71,'SBY Pivot'!$Q:$AD,10,0) -> 0 | AH71: =VLOOKUP(X71,'SBY Pivot'!$Q:$AD,11,0) -> 0 | AI71: =VLOOKUP(X71,'SBY Pivot'!$Q:$AD,12,0) -> 0 | AJ71: =VLOOKUP(X71,'SBY Pivot'!$Q:$AD,13,0) -> 0 | AK71: =VLOOKUP(X71,'SBY Pivot'!$Q:$AD,14,0) -> 6
B72: =ROW()-ROW($B$60) -> 12 | C72: Avi Sk | D72: =VLOOKUP(C72,'SBY Pivot'!$A:$O,2,0) -> 432 | E72: =VLOOKUP(C72,'SBY Pivot'!$A:$O,3,0) -> 4 | F72: =VLOOKUP(C72,'SBY Pivot'!$A:$O,4,0) -> 9 | G72: =VLOOKUP(C72,'SBY Pivot'!$A:$O,5,0) -> 19 | H72: =VLOOKUP(C72,'SBY Pivot'!$A:$O,6,0) -> 21 | I72: =VLOOKUP(C72,'SBY Pivot'!$A:$O,7,0) -> 11 | J72: =VLOOKUP(C72,'SBY Pivot'!$A:$O,8,0) -> 8 | K72: =VLOOKUP(C72,'SBY Pivot'!$A:$O,9,0) -> 0 | L72: =VLOOKUP(C72,'SBY Pivot'!$A:$O,10,0) -> 0 | M72: =VLOOKUP(C72,'SBY Pivot'!$A:$O,11,0) -> 0 | N72: =VLOOKUP(C72,'SBY Pivot'!$A:$O,12,0) -> 0 | O72: =VLOOKUP(C72,'SBY Pivot'!$A:$O,13,0) -> 0 | P72: =VLOOKUP(C72,'SBY Pivot'!$A:$O,14,0) -> 0 | Q72: =SUM(E72:P72) -> 72 | R72: =Q72/D72 -> 0.16666667 | W72: =ROW()-ROW($B$60) -> 12 | X72: =C72 -> Avi Sk | Y72: =VLOOKUP(X72,'SBY Pivot'!$Q:$AD,2,0) -> 2 | Z72: =VLOOKUP(X72,'SBY Pivot'!$Q:$AD,3,0) -> 2 | AA72: =VLOOKUP(X72,'SBY Pivot'!$Q:$AD,4,0) -> 3 | AB72: =VLOOKUP(X72,'SBY Pivot'!$Q:$AD,5,0) -> 3 | AC72: =VLOOKUP(X72,'SBY Pivot'!$Q:$AD,6,0) -> 3 | AD72: =VLOOKUP(X72,'SBY Pivot'!$Q:$AD,7,0) -> 1 | AE72: =VLOOKUP(X72,'SBY Pivot'!$Q:$AD,8,0) -> 0 | AF72: =VLOOKUP(X72,'SBY Pivot'!$Q:$AD,9,0) -> 0 | AG72: =VLOOKUP(X72,'SBY Pivot'!$Q:$AD,10,0) -> 0 | AH72: =VLOOKUP(X72,'SBY Pivot'!$Q:$AD,11,0) -> 0 | AI72: =VLOOKUP(X72,'SBY Pivot'!$Q:$AD,12,0) -> 0 | AJ72: =VLOOKUP(X72,'SBY Pivot'!$Q:$AD,13,0) -> 0 | AK72: =VLOOKUP(X72,'SBY Pivot'!$Q:$AD,14,0) -> 3
... B74: =ROW()-ROW($B$60) -> 14 | C74: Mousumi Sarkar | D74: =VLOOKUP(C74,'SBY Pivot'!$A:$O,2,0) -> 48 | E74: =VLOOKUP(C74,'SBY Pivot'!$A:$O,3,0) -> 0 | F74: =VLOOKUP(C74,'SBY Pivot'!$A:$O,4,0) -> 0 | G74: =VLOOKUP(C74,'SBY Pivot'!$A:$O,5,0) -> 0 | H74: =VLOOKUP(C74,'SBY Pivot'!$A:$O,6,0) -> 0 | I74: =VLOOKUP(C74,'SBY Pivot'!$A:$O,7,0) -> 0 | J74: =VLOOKUP(C74,'SBY Pivot'!$A:$O,8,0) -> 0 | K74: =VLOOKUP(C74,'SBY Pivot'!$A:$O,9,0) -> 0 | L74: =VLOOKUP(C74,'SBY Pivot'!$A:$O,10,0) -> 0 | M74: =VLOOKUP(C74,'SBY Pivot'!$A:$O,11,0) -> 0 | N74: =VLOOKUP(C74,'SBY Pivot'!$A:$O,12,0) -> 0 | O74: =VLOOKUP(C74,'SBY Pivot'!$A:$O,13,0) -> 0 | P74: =VLOOKUP(C74,'SBY Pivot'!$A:$O,14,0) -> 0 | Q74: =SUM(E74:P74) -> 0 | R74: =Q74/D74 -> 0 | W74: =ROW()-ROW($B$60) -> 14 | X74: =C74 -> Mousumi Sarkar | Y74: =VLOOKUP(X74,'SBY Pivot'!$Q:$AD,2,0) -> 0 | Z74: =VLOOKUP(X74,'SBY Pivot'!$Q:$AD,3,0) -> 0 | AA74: =VLOOKUP(X74,'SBY Pivot'!$Q:$AD,4,0) -> 0 | AB74: =VLOOKUP(X74,'SBY Pivot'!$Q:$AD,5,0) -> 0 | AC74: =VLOOKUP(X74,'SBY Pivot'!$Q:$AD,6,0) -> 0 | AD74: =VLOOKUP(X74,'SBY Pivot'!$Q:$AD,7,0) -> 0 | AE74: =VLOOKUP(X74,'SBY Pivot'!$Q:$AD,8,0) -> 0 | AF74: =VLOOKUP(X74,'SBY Pivot'!$Q:$AD,9,0) -> 0 | AG74: =VLOOKUP(X74,'SBY Pivot'!$Q:$AD,10,0) -> 0 | AH74: =VLOOKUP(X74,'SBY Pivot'!$Q:$AD,11,0) -> 0 | AI74: =VLOOKUP(X74,'SBY Pivot'!$Q:$AD,12,0) -> 0 | AJ74: =VLOOKUP(X74,'SBY Pivot'!$Q:$AD,13,0) -> 0 | AK74: =VLOOKUP(X74,'SBY Pivot'!$Q:$AD,14,0) -> 0
B76: Grand Total | D76: =SUM(D61:D74) -> 11952 | E76: =SUM(E61:E74) -> 444 | F76: =SUM(F61:F74) -> 1135 | G76: =SUM(G61:G74) -> 761 | H76: =SUM(H61:H74) -> 912 | I76: =SUM(I61:I74) -> 696 | J76: =SUM(J61:J74) -> 124 | K76: =SUM(K61:K74) -> 0 | ... Q76: =SUM(Q61:Q74) -> 4072 | R76: =Q76/D76 -> 0.34069612 | W76: Grand Total | Y76: =SUM(Y61:Y74) -> 64 | Z76: =SUM(Z61:Z74) -> 74 | AA76: =SUM(AA61:AA74) -> 71 | AB76: =SUM(AB61:AB74) -> 72 | AC76: =SUM(AC61:AC74) -> 74 | AD76: =SUM(AD61:AD74) -> 47 | AE76: =SUM(AE61:AE74) -> 0 | AF76: =SUM(AF61:AF74) -> 0 | ... AK76: =SUM(AK61:AK74) -> 85
B78: TRANSACTION: DC Wise Summary FY 2026-27 (UCO Bank) | W78: TRANSACTION: DC Wise Paticipants Summary FY 2026-27 (UCO Bank)
B79: Sl No | C79: DC Name | D79: Code | E79: 46113 | F79: 46143 | G79: 46174 | H79: 46204 | I79: 46235 | J79: 46266 | K79: 46296 | L79: 46327 | M79: 46357 | N79: 46388 | O79: 46419 | P79: 46447 | Q79: Total TXN | R79: Per Day Average TXN | T79: 46113 | U79: =TODAY()-1 -> 46271 | V79: =U79-T79 -> 158 | W79: Sl No | X79: DC Name | Y79: 46113 | Z79: 46143 | AA79: 46174 | AB79: 46204 | AC79: 46235 | AD79: 46266 | AE79: 46296 | AF79: 46327 | AG79: 46357 | AH79: 46388 | AI79: 46419 | AJ79: 46447 | AK79: Total Count
B80: =ROW()-ROW($B$79) -> 1 | C80: Under Office (Birbhum) | D80: =VLOOKUP(C80,Code!$A:$G,2,0) -> 6 | E80: =VLOOKUP(C80,'Txn Pivot'!$A:$N,3,0) -> 5123 | F80: =VLOOKUP(C80,'Txn Pivot'!$A:$N,4,0) -> 5016 | G80: =VLOOKUP(C80,'Txn Pivot'!$A:$N,5,0) -> 4541 | H80: =VLOOKUP(C80,'Txn Pivot'!$A:$N,6,0) -> 5301 | I80: =VLOOKUP(C80,'Txn Pivot'!$A:$N,7,0) -> 5515 | J80: =VLOOKUP(C80,'Txn Pivot'!$A:$N,8,0) -> 1027 | K80: =VLOOKUP(C80,'Txn Pivot'!$A:$N,9,0) -> 0 | L80: =VLOOKUP(C80,'Txn Pivot'!$A:$N,10,0) -> 0 | M80: =VLOOKUP(C80,'Txn Pivot'!$A:$N,11,0) -> 0 | N80: =VLOOKUP(C80,'Txn Pivot'!$A:$N,12,0) -> 0 | O80: =VLOOKUP(C80,'Txn Pivot'!$A:$N,13,0) -> 0 | P80: =VLOOKUP(C80,'Txn Pivot'!$A:$N,14,0) -> 0 | Q80: =SUM(E80:P80) -> 26523 | R80: =(Q80/D80)/$V$79 -> 27.977848 | W80: =ROW()-ROW($B$79) -> 1 | X80: =C80 -> Under Office (Birbhum) | Y80: =VLOOKUP(X80,'Txn Pivot'!$Q:$AD,2,0) -> 7 | Z80: =VLOOKUP(X80,'Txn Pivot'!$Q:$AD,3,0) -> 6 | AA80: =VLOOKUP(X80,'Txn Pivot'!$Q:$AD,4,0) -> 6 | AB80: =VLOOKUP(X80,'Txn Pivot'!$Q:$AD,5,0) -> 6 | AC80: =VLOOKUP(X80,'Txn Pivot'!$Q:$AD,6,0) -> 7 | AD80: =VLOOKUP(X80,'Txn Pivot'!$Q:$AD,7,0) -> 6 | AE80: =VLOOKUP(X80,'Txn Pivot'!$Q:$AD,8,0) -> 0 | AF80: =VLOOKUP(X80,'Txn Pivot'!$Q:$AD,9,0) -> 0 | AG80: =VLOOKUP(X80,'Txn Pivot'!$Q:$AD,10,0) -> 0 | AH80: =VLOOKUP(X80,'Txn Pivot'!$Q:$AD,11,0) -> 0 | AI80: =VLOOKUP(X80,'Txn Pivot'!$Q:$AD,12,0) -> 0 | AJ80: =VLOOKUP(X80,'Txn Pivot'!$Q:$AD,13,0) -> 0 | AK80: =VLOOKUP(X80,'Txn Pivot'!$Q:$AD,14,0) -> 7
B81: =ROW()-ROW($B$79) -> 2 | C81: Rajendra Kumar Bapari | D81: =VLOOKUP(C81,Code!$A:$G,2,0) -> 3 | E81: =VLOOKUP(C81,'Txn Pivot'!$A:$N,3,0) -> 1557 | F81: =VLOOKUP(C81,'Txn Pivot'!$A:$N,4,0) -> 1500 | G81: =VLOOKUP(C81,'Txn Pivot'!$A:$N,5,0) -> 1812 | H81: =VLOOKUP(C81,'Txn Pivot'!$A:$N,6,0) -> 2450 | I81: =VLOOKUP(C81,'Txn Pivot'!$A:$N,7,0) -> 3927 | J81: =VLOOKUP(C81,'Txn Pivot'!$A:$N,8,0) -> 774 | K81: =VLOOKUP(C81,'Txn Pivot'!$A:$N,9,0) -> 0 | L81: =VLOOKUP(C81,'Txn Pivot'!$A:$N,10,0) -> 0 | M81: =VLOOKUP(C81,'Txn Pivot'!$A:$N,11,0) -> 0 | N81: =VLOOKUP(C81,'Txn Pivot'!$A:$N,12,0) -> 0 | O81: =VLOOKUP(C81,'Txn Pivot'!$A:$N,13,0) -> 0 | P81: =VLOOKUP(C81,'Txn Pivot'!$A:$N,14,0) -> 0 | Q81: =SUM(E81:P81) -> 12020 | R81: =(Q81/D81)/$V$79 -> 25.35865 | W81: =ROW()-ROW($B$79) -> 2 | X81: =C81 -> Rajendra Kumar Bapari | Y81: =VLOOKUP(X81,'Txn Pivot'!$Q:$AD,2,0) -> 3 | Z81: =VLOOKUP(X81,'Txn Pivot'!$Q:$AD,3,0) -> 3 | AA81: =VLOOKUP(X81,'Txn Pivot'!$Q:$AD,4,0) -> 3 | AB81: =VLOOKUP(X81,'Txn Pivot'!$Q:$AD,5,0) -> 3 | AC81: =VLOOKUP(X81,'Txn Pivot'!$Q:$AD,6,0) -> 3 | AD81: =VLOOKUP(X81,'Txn Pivot'!$Q:$AD,7,0) -> 3 | AE81: =VLOOKUP(X81,'Txn Pivot'!$Q:$AD,8,0) -> 0 | AF81: =VLOOKUP(X81,'Txn Pivot'!$Q:$AD,9,0) -> 0 | AG81: =VLOOKUP(X81,'Txn Pivot'!$Q:$AD,10,0) -> 0 | AH81: =VLOOKUP(X81,'Txn Pivot'!$Q:$AD,11,0) -> 0 | AI81: =VLOOKUP(X81,'Txn Pivot'!$Q:$AD,12,0) -> 0 | AJ81: =VLOOKUP(X81,'Txn Pivot'!$Q:$AD,13,0) -> 0 | AK81: =VLOOKUP(X81,'Txn Pivot'!$Q:$AD,14,0) -> 3
B82: =ROW()-ROW($B$79) -> 3 | C82: Rajiul Momin | D82: =VLOOKUP(C82,Code!$A:$G,2,0) -> 2 | E82: =VLOOKUP(C82,'Txn Pivot'!$A:$N,3,0) -> 1885 | F82: =VLOOKUP(C82,'Txn Pivot'!$A:$N,4,0) -> 1490 | G82: =VLOOKUP(C82,'Txn Pivot'!$A:$N,5,0) -> 1642 | H82: =VLOOKUP(C82,'Txn Pivot'!$A:$N,6,0) -> 1680 | I82: =VLOOKUP(C82,'Txn Pivot'!$A:$N,7,0) -> 1617 | J82: =VLOOKUP(C82,'Txn Pivot'!$A:$N,8,0) -> 292 | K82: =VLOOKUP(C82,'Txn Pivot'!$A:$N,9,0) -> 0 | L82: =VLOOKUP(C82,'Txn Pivot'!$A:$N,10,0) -> 0 | M82: =VLOOKUP(C82,'Txn Pivot'!$A:$N,11,0) -> 0 | N82: =VLOOKUP(C82,'Txn Pivot'!$A:$N,12,0) -> 0 | O82: =VLOOKUP(C82,'Txn Pivot'!$A:$N,13,0) -> 0 | P82: =VLOOKUP(C82,'Txn Pivot'!$A:$N,14,0) -> 0 | Q82: =SUM(E82:P82) -> 8606 | R82: =(Q82/D82)/$V$79 -> 27.234177 | W82: =ROW()-ROW($B$79) -> 3 | X82: =C82 -> Rajiul Momin | Y82: =VLOOKUP(X82,'Txn Pivot'!$Q:$AD,2,0) -> 2 | Z82: =VLOOKUP(X82,'Txn Pivot'!$Q:$AD,3,0) -> 2 | AA82: =VLOOKUP(X82,'Txn Pivot'!$Q:$AD,4,0) -> 2 | AB82: =VLOOKUP(X82,'Txn Pivot'!$Q:$AD,5,0) -> 2 | AC82: =VLOOKUP(X82,'Txn Pivot'!$Q:$AD,6,0) -> 2 | AD82: =VLOOKUP(X82,'Txn Pivot'!$Q:$AD,7,0) -> 2 | AE82: =VLOOKUP(X82,'Txn Pivot'!$Q:$AD,8,0) -> 0 | AF82: =VLOOKUP(X82,'Txn Pivot'!$Q:$AD,9,0) -> 0 | AG82: =VLOOKUP(X82,'Txn Pivot'!$Q:$AD,10,0) -> 0 | AH82: =VLOOKUP(X82,'Txn Pivot'!$Q:$AD,11,0) -> 0 | AI82: =VLOOKUP(X82,'Txn Pivot'!$Q:$AD,12,0) -> 0 | AJ82: =VLOOKUP(X82,'Txn Pivot'!$Q:$AD,13,0) -> 0 | AK82: =VLOOKUP(X82,'Txn Pivot'!$Q:$AD,14,0) -> 2
B83: =ROW()-ROW($B$79) -> 4 | C83: Under Office (W Medinipur) | D83: =VLOOKUP(C83,Code!$A:$G,2,0) -> 19 | E83: =VLOOKUP(C83,'Txn Pivot'!$A:$N,3,0) -> 13998 | F83: =VLOOKUP(C83,'Txn Pivot'!$A:$N,4,0) -> 14292 | G83: =VLOOKUP(C83,'Txn Pivot'!$A:$N,5,0) -> 12924 | H83: =VLOOKUP(C83,'Txn Pivot'!$A:$N,6,0) -> 14584 | I83: =VLOOKUP(C83,'Txn Pivot'!$A:$N,7,0) -> 16570 | J83: =VLOOKUP(C83,'Txn Pivot'!$A:$N,8,0) -> 3049 | K83: =VLOOKUP(C83,'Txn Pivot'!$A:$N,9,0) -> 0 | L83: =VLOOKUP(C83,'Txn Pivot'!$A:$N,10,0) -> 0 | M83: =VLOOKUP(C83,'Txn Pivot'!$A:$N,11,0) -> 0 | N83: =VLOOKUP(C83,'Txn Pivot'!$A:$N,12,0) -> 0 | O83: =VLOOKUP(C83,'Txn Pivot'!$A:$N,13,0) -> 0 | P83: =VLOOKUP(C83,'Txn Pivot'!$A:$N,14,0) -> 0 | Q83: =SUM(E83:P83) -> 75417 | R83: =(Q83/D83)/$V$79 -> 25.122252 | W83: =ROW()-ROW($B$79) -> 4 | X83: =C83 -> Under Office (W Medinipur) | Y83: =VLOOKUP(X83,'Txn Pivot'!$Q:$AD,2,0) -> 19 | Z83: =VLOOKUP(X83,'Txn Pivot'!$Q:$AD,3,0) -> 19 | AA83: =VLOOKUP(X83,'Txn Pivot'!$Q:$AD,4,0) -> 19 | AB83: =VLOOKUP(X83,'Txn Pivot'!$Q:$AD,5,0) -> 19 | AC83: =VLOOKUP(X83,'Txn Pivot'!$Q:$AD,6,0) -> 19 | AD83: =VLOOKUP(X83,'Txn Pivot'!$Q:$AD,7,0) -> 19 | AE83: =VLOOKUP(X83,'Txn Pivot'!$Q:$AD,8,0) -> 0 | AF83: =VLOOKUP(X83,'Txn Pivot'!$Q:$AD,9,0) -> 0 | AG83: =VLOOKUP(X83,'Txn Pivot'!$Q:$AD,10,0) -> 0 | AH83: =VLOOKUP(X83,'Txn Pivot'!$Q:$AD,11,0) -> 0 | AI83: =VLOOKUP(X83,'Txn Pivot'!$Q:$AD,12,0) -> 0 | AJ83: =VLOOKUP(X83,'Txn Pivot'!$Q:$AD,13,0) -> 0 | AK83: =VLOOKUP(X83,'Txn Pivot'!$Q:$AD,14,0) -> 19
B84: =ROW()-ROW($B$79) -> 5 | C84: Souvik Maity | D84: =VLOOKUP(C84,Code!$A:$G,2,0) -> 16 | E84: =VLOOKUP(C84,'Txn Pivot'!$A:$N,3,0) -> 10260 | F84: =VLOOKUP(C84,'Txn Pivot'!$A:$N,4,0) -> 8739 | G84: =VLOOKUP(C84,'Txn Pivot'!$A:$N,5,0) -> 7103 | H84: =VLOOKUP(C84,'Txn Pivot'!$A:$N,6,0) -> 8673 | I84: =VLOOKUP(C84,'Txn Pivot'!$A:$N,7,0) -> 9605 | J84: =VLOOKUP(C84,'Txn Pivot'!$A:$N,8,0) -> 1730 | K84: =VLOOKUP(C84,'Txn Pivot'!$A:$N,9,0) -> 0 | L84: =VLOOKUP(C84,'Txn Pivot'!$A:$N,10,0) -> 0 | M84: =VLOOKUP(C84,'Txn Pivot'!$A:$N,11,0) -> 0 | N84: =VLOOKUP(C84,'Txn Pivot'!$A:$N,12,0) -> 0 | O84: =VLOOKUP(C84,'Txn Pivot'!$A:$N,13,0) -> 0 | P84: =VLOOKUP(C84,'Txn Pivot'!$A:$N,14,0) -> 0 | Q84: =SUM(E84:P84) -> 46110 | R84: =(Q84/D84)/$V$79 -> 18.239715 | W84: =ROW()-ROW($B$79) -> 5 | X84: =C84 -> Souvik Maity | Y84: =VLOOKUP(X84,'Txn Pivot'!$Q:$AD,2,0) -> 15 | Z84: =VLOOKUP(X84,'Txn Pivot'!$Q:$AD,3,0) -> 15 | AA84: =VLOOKUP(X84,'Txn Pivot'!$Q:$AD,4,0) -> 16 | AB84: =VLOOKUP(X84,'Txn Pivot'!$Q:$AD,5,0) -> 15 | AC84: =VLOOKUP(X84,'Txn Pivot'!$Q:$AD,6,0) -> 15 | AD84: =VLOOKUP(X84,'Txn Pivot'!$Q:$AD,7,0) -> 16 | AE84: =VLOOKUP(X84,'Txn Pivot'!$Q:$AD,8,0) -> 0 | AF84: =VLOOKUP(X84,'Txn Pivot'!$Q:$AD,9,0) -> 0 | AG84: =VLOOKUP(X84,'Txn Pivot'!$Q:$AD,10,0) -> 0 | AH84: =VLOOKUP(X84,'Txn Pivot'!$Q:$AD,11,0) -> 0 | AI84: =VLOOKUP(X84,'Txn Pivot'!$Q:$AD,12,0) -> 0 | AJ84: =VLOOKUP(X84,'Txn Pivot'!$Q:$AD,13,0) -> 0 | AK84: =VLOOKUP(X84,'Txn Pivot'!$Q:$AD,14,0) -> 16
B85: =ROW()-ROW($B$79) -> 6 | C85: Chandi Charan Mahato | D85: =VLOOKUP(C85,Code!$A:$G,2,0) -> 3 | E85: =VLOOKUP(C85,'Txn Pivot'!$A:$N,3,0) -> 1428 | F85: =VLOOKUP(C85,'Txn Pivot'!$A:$N,4,0) -> 1673 | G85: =VLOOKUP(C85,'Txn Pivot'!$A:$N,5,0) -> 1344 | H85: =VLOOKUP(C85,'Txn Pivot'!$A:$N,6,0) -> 1394 | I85: =VLOOKUP(C85,'Txn Pivot'!$A:$N,7,0) -> 1458 | J85: =VLOOKUP(C85,'Txn Pivot'!$A:$N,8,0) -> 296 | K85: =VLOOKUP(C85,'Txn Pivot'!$A:$N,9,0) -> 0 | L85: =VLOOKUP(C85,'Txn Pivot'!$A:$N,10,0) -> 0 | M85: =VLOOKUP(C85,'Txn Pivot'!$A:$N,11,0) -> 0 | N85: =VLOOKUP(C85,'Txn Pivot'!$A:$N,12,0) -> 0 | O85: =VLOOKUP(C85,'Txn Pivot'!$A:$N,13,0) -> 0 | P85: =VLOOKUP(C85,'Txn Pivot'!$A:$N,14,0) -> 0 | Q85: =SUM(E85:P85) -> 7593 | R85: =(Q85/D85)/$V$79 -> 16.018987 | W85: =ROW()-ROW($B$79) -> 6 | X85: =C85 -> Chandi Charan Mahato | Y85: =VLOOKUP(X85,'Txn Pivot'!$Q:$AD,2,0) -> 5 | Z85: =VLOOKUP(X85,'Txn Pivot'!$Q:$AD,3,0) -> 6 | AA85: =VLOOKUP(X85,'Txn Pivot'!$Q:$AD,4,0) -> 4 | AB85: =VLOOKUP(X85,'Txn Pivot'!$Q:$AD,5,0) -> 5 | AC85: =VLOOKUP(X85,'Txn Pivot'!$Q:$AD,6,0) -> 5 | AD85: =VLOOKUP(X85,'Txn Pivot'!$Q:$AD,7,0) -> 3 | AE85: =VLOOKUP(X85,'Txn Pivot'!$Q:$AD,8,0) -> 0 | AF85: =VLOOKUP(X85,'Txn Pivot'!$Q:$AD,9,0) -> 0 | AG85: =VLOOKUP(X85,'Txn Pivot'!$Q:$AD,10,0) -> 0 | AH85: =VLOOKUP(X85,'Txn Pivot'!$Q:$AD,11,0) -> 0 | AI85: =VLOOKUP(X85,'Txn Pivot'!$Q:$AD,12,0) -> 0 | AJ85: =VLOOKUP(X85,'Txn Pivot'!$Q:$AD,13,0) -> 0 | AK85: =VLOOKUP(X85,'Txn Pivot'!$Q:$AD,14,0) -> 6
B86: =ROW()-ROW($B$79) -> 7 | C86: Avi Sk | D86: =VLOOKUP(C86,Code!$A:$G,2,0) -> 3 | E86: =VLOOKUP(C86,'Txn Pivot'!$A:$N,3,0) -> 1405 | F86: =VLOOKUP(C86,'Txn Pivot'!$A:$N,4,0) -> 1292 | G86: =VLOOKUP(C86,'Txn Pivot'!$A:$N,5,0) -> 1286 | H86: =VLOOKUP(C86,'Txn Pivot'!$A:$N,6,0) -> 1317 | I86: =VLOOKUP(C86,'Txn Pivot'!$A:$N,7,0) -> 1375 | J86: =VLOOKUP(C86,'Txn Pivot'!$A:$N,8,0) -> 287 | K86: =VLOOKUP(C86,'Txn Pivot'!$A:$N,9,0) -> 0 | L86: =VLOOKUP(C86,'Txn Pivot'!$A:$N,10,0) -> 0 | M86: =VLOOKUP(C86,'Txn Pivot'!$A:$N,11,0) -> 0 | N86: =VLOOKUP(C86,'Txn Pivot'!$A:$N,12,0) -> 0 | O86: =VLOOKUP(C86,'Txn Pivot'!$A:$N,13,0) -> 0 | P86: =VLOOKUP(C86,'Txn Pivot'!$A:$N,14,0) -> 0 | Q86: =SUM(E86:P86) -> 6962 | R86: =(Q86/D86)/$V$79 -> 14.687764 | W86: =ROW()-ROW($B$79) -> 7 | X86: =C86 -> Avi Sk | Y86: =VLOOKUP(X86,'Txn Pivot'!$Q:$AD,2,0) -> 3 | Z86: =VLOOKUP(X86,'Txn Pivot'!$Q:$AD,3,0) -> 3 | AA86: =VLOOKUP(X86,'Txn Pivot'!$Q:$AD,4,0) -> 3 | AB86: =VLOOKUP(X86,'Txn Pivot'!$Q:$AD,5,0) -> 3 | AC86: =VLOOKUP(X86,'Txn Pivot'!$Q:$AD,6,0) -> 3 | AD86: =VLOOKUP(X86,'Txn Pivot'!$Q:$AD,7,0) -> 3 | AE86: =VLOOKUP(X86,'Txn Pivot'!$Q:$AD,8,0) -> 0 | AF86: =VLOOKUP(X86,'Txn Pivot'!$Q:$AD,9,0) -> 0 | AG86: =VLOOKUP(X86,'Txn Pivot'!$Q:$AD,10,0) -> 0 | AH86: =VLOOKUP(X86,'Txn Pivot'!$Q:$AD,11,0) -> 0 | AI86: =VLOOKUP(X86,'Txn Pivot'!$Q:$AD,12,0) -> 0 | AJ86: =VLOOKUP(X86,'Txn Pivot'!$Q:$AD,13,0) -> 0 | AK86: =VLOOKUP(X86,'Txn Pivot'!$Q:$AD,14,0) -> 3
B87: =ROW()-ROW($B$79) -> 8 | C87: Shyamalesh Sarkar | D87: =VLOOKUP(C87,Code!$A:$G,2,0) -> 3 | E87: =VLOOKUP(C87,'Txn Pivot'!$A:$N,3,0) -> 961 | F87: =VLOOKUP(C87,'Txn Pivot'!$A:$N,4,0) -> 844 | G87: =VLOOKUP(C87,'Txn Pivot'!$A:$N,5,0) -> 908 | H87: =VLOOKUP(C87,'Txn Pivot'!$A:$N,6,0) -> 1101 | I87: =VLOOKUP(C87,'Txn Pivot'!$A:$N,7,0) -> 1147 | J87: =VLOOKUP(C87,'Txn Pivot'!$A:$N,8,0) -> 202 | K87: =VLOOKUP(C87,'Txn Pivot'!$A:$N,9,0) -> 0 | L87: =VLOOKUP(C87,'Txn Pivot'!$A:$N,10,0) -> 0 | M87: =VLOOKUP(C87,'Txn Pivot'!$A:$N,11,0) -> 0 | N87: =VLOOKUP(C87,'Txn Pivot'!$A:$N,12,0) -> 0 | O87: =VLOOKUP(C87,'Txn Pivot'!$A:$N,13,0) -> 0 | P87: =VLOOKUP(C87,'Txn Pivot'!$A:$N,14,0) -> 0 | Q87: =SUM(E87:P87) -> 5163 | R87: =(Q87/D87)/$V$79 -> 10.892405 | W87: =ROW()-ROW($B$79) -> 8 | X87: =C87 -> Shyamalesh Sarkar | Y87: =VLOOKUP(X87,'Txn Pivot'!$Q:$AD,2,0) -> 3 | Z87: =VLOOKUP(X87,'Txn Pivot'!$Q:$AD,3,0) -> 3 | AA87: =VLOOKUP(X87,'Txn Pivot'!$Q:$AD,4,0) -> 3 | AB87: =VLOOKUP(X87,'Txn Pivot'!$Q:$AD,5,0) -> 3 | AC87: =VLOOKUP(X87,'Txn Pivot'!$Q:$AD,6,0) -> 3 | AD87: =VLOOKUP(X87,'Txn Pivot'!$Q:$AD,7,0) -> 3 | AE87: =VLOOKUP(X87,'Txn Pivot'!$Q:$AD,8,0) -> 0 | AF87: =VLOOKUP(X87,'Txn Pivot'!$Q:$AD,9,0) -> 0 | AG87: =VLOOKUP(X87,'Txn Pivot'!$Q:$AD,10,0) -> 0 | AH87: =VLOOKUP(X87,'Txn Pivot'!$Q:$AD,11,0) -> 0 | AI87: =VLOOKUP(X87,'Txn Pivot'!$Q:$AD,12,0) -> 0 | AJ87: =VLOOKUP(X87,'Txn Pivot'!$Q:$AD,13,0) -> 0 | AK87: =VLOOKUP(X87,'Txn Pivot'!$Q:$AD,14,0) -> 3
B88: =ROW()-ROW($B$79) -> 9 | C88: Sunil Biswas | D88: =VLOOKUP(C88,Code!$A:$G,2,0) -> 10 | E88: =VLOOKUP(C88,'Txn Pivot'!$A:$N,3,0) -> 3234 | F88: =VLOOKUP(C88,'Txn Pivot'!$A:$N,4,0) -> 3209 | G88: =VLOOKUP(C88,'Txn Pivot'!$A:$N,5,0) -> 2834 | H88: =VLOOKUP(C88,'Txn Pivot'!$A:$N,6,0) -> 3017 | I88: =VLOOKUP(C88,'Txn Pivot'!$A:$N,7,0) -> 2468 | J88: =VLOOKUP(C88,'Txn Pivot'!$A:$N,8,0) -> 473 | K88: =VLOOKUP(C88,'Txn Pivot'!$A:$N,9,0) -> 0 | L88: =VLOOKUP(C88,'Txn Pivot'!$A:$N,10,0) -> 0 | M88: =VLOOKUP(C88,'Txn Pivot'!$A:$N,11,0) -> 0 | N88: =VLOOKUP(C88,'Txn Pivot'!$A:$N,12,0) -> 0 | O88: =VLOOKUP(C88,'Txn Pivot'!$A:$N,13,0) -> 0 | P88: =VLOOKUP(C88,'Txn Pivot'!$A:$N,14,0) -> 0 | Q88: =SUM(E88:P88) -> 15235 | R88: =(Q88/D88)/$V$79 -> 9.6424051 | W88: =ROW()-ROW($B$79) -> 9 | X88: =C88 -> Sunil Biswas | Y88: =VLOOKUP(X88,'Txn Pivot'!$Q:$AD,2,0) -> 13 | Z88: =VLOOKUP(X88,'Txn Pivot'!$Q:$AD,3,0) -> 13 | AA88: =VLOOKUP(X88,'Txn Pivot'!$Q:$AD,4,0) -> 13 | AB88: =VLOOKUP(X88,'Txn Pivot'!$Q:$AD,5,0) -> 13 | AC88: =VLOOKUP(X88,'Txn Pivot'!$Q:$AD,6,0) -> 12 | AD88: =VLOOKUP(X88,'Txn Pivot'!$Q:$AD,7,0) -> 10 | AE88: =VLOOKUP(X88,'Txn Pivot'!$Q:$AD,8,0) -> 0 | AF88: =VLOOKUP(X88,'Txn Pivot'!$Q:$AD,9,0) -> 0 | AG88: =VLOOKUP(X88,'Txn Pivot'!$Q:$AD,10,0) -> 0 | AH88: =VLOOKUP(X88,'Txn Pivot'!$Q:$AD,11,0) -> 0 | AI88: =VLOOKUP(X88,'Txn Pivot'!$Q:$AD,12,0) -> 0 | AJ88: =VLOOKUP(X88,'Txn Pivot'!$Q:$AD,13,0) -> 0 | AK88: =VLOOKUP(X88,'Txn Pivot'!$Q:$AD,14,0) -> 15
B89: =ROW()-ROW($B$79) -> 10 | C89: Sanjoy Paul | D89: =VLOOKUP(C89,Code!$A:$G,2,0) -> 1 | E89: =VLOOKUP(C89,'Txn Pivot'!$A:$N,3,0) -> 408 | F89: =VLOOKUP(C89,'Txn Pivot'!$A:$N,4,0) -> 288 | G89: =VLOOKUP(C89,'Txn Pivot'!$A:$N,5,0) -> 169 | H89: =VLOOKUP(C89,'Txn Pivot'!$A:$N,6,0) -> 240 | I89: =VLOOKUP(C89,'Txn Pivot'!$A:$N,7,0) -> 296 | J89: =VLOOKUP(C89,'Txn Pivot'!$A:$N,8,0) -> 27 | K89: =VLOOKUP(C89,'Txn Pivot'!$A:$N,9,0) -> 0 | L89: =VLOOKUP(C89,'Txn Pivot'!$A:$N,10,0) -> 0 | M89: =VLOOKUP(C89,'Txn Pivot'!$A:$N,11,0) -> 0 | N89: =VLOOKUP(C89,'Txn Pivot'!$A:$N,12,0) -> 0 | O89: =VLOOKUP(C89,'Txn Pivot'!$A:$N,13,0) -> 0 | P89: =VLOOKUP(C89,'Txn Pivot'!$A:$N,14,0) -> 0 | Q89: =SUM(E89:P89) -> 1428 | R89: =(Q89/D89)/$V$79 -> 9.0379747 | W89: =ROW()-ROW($B$79) -> 10 | X89: =C89 -> Sanjoy Paul | Y89: =VLOOKUP(X89,'Txn Pivot'!$Q:$AD,2,0) -> 1 | Z89: =VLOOKUP(X89,'Txn Pivot'!$Q:$AD,3,0) -> 1 | AA89: =VLOOKUP(X89,'Txn Pivot'!$Q:$AD,4,0) -> 1 | AB89: =VLOOKUP(X89,'Txn Pivot'!$Q:$AD,5,0) -> 1 | AC89: =VLOOKUP(X89,'Txn Pivot'!$Q:$AD,6,0) -> 1 | AD89: =VLOOKUP(X89,'Txn Pivot'!$Q:$AD,7,0) -> 1 | AE89: =VLOOKUP(X89,'Txn Pivot'!$Q:$AD,8,0) -> 0 | AF89: =VLOOKUP(X89,'Txn Pivot'!$Q:$AD,9,0) -> 0 | AG89: =VLOOKUP(X89,'Txn Pivot'!$Q:$AD,10,0) -> 0 | AH89: =VLOOKUP(X89,'Txn Pivot'!$Q:$AD,11,0) -> 0 | AI89: =VLOOKUP(X89,'Txn Pivot'!$Q:$AD,12,0) -> 0 | AJ89: =VLOOKUP(X89,'Txn Pivot'!$Q:$AD,13,0) -> 0 | AK89: =VLOOKUP(X89,'Txn Pivot'!$Q:$AD,14,0) -> 1
B90: =ROW()-ROW($B$79) -> 11 | C90: Santanu Bera | D90: =VLOOKUP(C90,Code!$A:$G,2,0) -> 6 | E90: =VLOOKUP(C90,'Txn Pivot'!$A:$N,3,0) -> 940 | F90: =VLOOKUP(C90,'Txn Pivot'!$A:$N,4,0) -> 905 | G90: =VLOOKUP(C90,'Txn Pivot'!$A:$N,5,0) -> 666 | H90: =VLOOKUP(C90,'Txn Pivot'!$A:$N,6,0) -> 966 | I90: =VLOOKUP(C90,'Txn Pivot'!$A:$N,7,0) -> 986 | J90: =VLOOKUP(C90,'Txn Pivot'!$A:$N,8,0) -> 184 | K90: =VLOOKUP(C90,'Txn Pivot'!$A:$N,9,0) -> 0 | L90: =VLOOKUP(C90,'Txn Pivot'!$A:$N,10,0) -> 0 | M90: =VLOOKUP(C90,'Txn Pivot'!$A:$N,11,0) -> 0 | N90: =VLOOKUP(C90,'Txn Pivot'!$A:$N,12,0) -> 0 | O90: =VLOOKUP(C90,'Txn Pivot'!$A:$N,13,0) -> 0 | P90: =VLOOKUP(C90,'Txn Pivot'!$A:$N,14,0) -> 0 | Q90: =SUM(E90:P90) -> 4647 | R90: =(Q90/D90)/$V$79 -> 4.9018987 | W90: =ROW()-ROW($B$79) -> 11 | X90: =C90 -> Santanu Bera | Y90: =VLOOKUP(X90,'Txn Pivot'!$Q:$AD,2,0) -> 5 | Z90: =VLOOKUP(X90,'Txn Pivot'!$Q:$AD,3,0) -> 5 | AA90: =VLOOKUP(X90,'Txn Pivot'!$Q:$AD,4,0) -> 6 | AB90: =VLOOKUP(X90,'Txn Pivot'!$Q:$AD,5,0) -> 6 | AC90: =VLOOKUP(X90,'Txn Pivot'!$Q:$AD,6,0) -> 6 | AD90: =VLOOKUP(X90,'Txn Pivot'!$Q:$AD,7,0) -> 6 | AE90: =VLOOKUP(X90,'Txn Pivot'!$Q:$AD,8,0) -> 0 | AF90: =VLOOKUP(X90,'Txn Pivot'!$Q:$AD,9,0) -> 0 | AG90: =VLOOKUP(X90,'Txn Pivot'!$Q:$AD,10,0) -> 0 | AH90: =VLOOKUP(X90,'Txn Pivot'!$Q:$AD,11,0) -> 0 | AI90: =VLOOKUP(X90,'Txn Pivot'!$Q:$AD,12,0) -> 0 | AJ90: =VLOOKUP(X90,'Txn Pivot'!$Q:$AD,13,0) -> 0 | AK90: =VLOOKUP(X90,'Txn Pivot'!$Q:$AD,14,0) -> 6
B91: =ROW()-ROW($B$79) -> 12 | C91: Manindra Nath Barman | D91: =VLOOKUP(C91,Code!$A:$G,2,0) -> 4 | E91: =VLOOKUP(C91,'Txn Pivot'!$A:$N,3,0) -> 475 | F91: =VLOOKUP(C91,'Txn Pivot'!$A:$N,4,0) -> 458 | G91: =VLOOKUP(C91,'Txn Pivot'!$A:$N,5,0) -> 496 | H91: =VLOOKUP(C91,'Txn Pivot'!$A:$N,6,0) -> 586 | I91: =VLOOKUP(C91,'Txn Pivot'!$A:$N,7,0) -> 812 | J91: =VLOOKUP(C91,'Txn Pivot'!$A:$N,8,0) -> 104 | K91: =VLOOKUP(C91,'Txn Pivot'!$A:$N,9,0) -> 0 | L91: =VLOOKUP(C91,'Txn Pivot'!$A:$N,10,0) -> 0 | M91: =VLOOKUP(C91,'Txn Pivot'!$A:$N,11,0) -> 0 | N91: =VLOOKUP(C91,'Txn Pivot'!$A:$N,12,0) -> 0 | O91: =VLOOKUP(C91,'Txn Pivot'!$A:$N,13,0) -> 0 | P91: =VLOOKUP(C91,'Txn Pivot'!$A:$N,14,0) -> 0 | Q91: =SUM(E91:P91) -> 2931 | R91: =(Q91/D91)/$V$79 -> 4.6376582 | W91: =ROW()-ROW($B$79) -> 12 | X91: =C91 -> Manindra Nath Barman | Y91: =VLOOKUP(X91,'Txn Pivot'!$Q:$AD,2,0) -> 4 | Z91: =VLOOKUP(X91,'Txn Pivot'!$Q:$AD,3,0) -> 5 | AA91: =VLOOKUP(X91,'Txn Pivot'!$Q:$AD,4,0) -> 6 | AB91: =VLOOKUP(X91,'Txn Pivot'!$Q:$AD,5,0) -> 6 | AC91: =VLOOKUP(X91,'Txn Pivot'!$Q:$AD,6,0) -> 7 | AD91: =VLOOKUP(X91,'Txn Pivot'!$Q:$AD,7,0) -> 4 | AE91: =VLOOKUP(X91,'Txn Pivot'!$Q:$AD,8,0) -> 0 | AF91: =VLOOKUP(X91,'Txn Pivot'!$Q:$AD,9,0) -> 0 | AG91: =VLOOKUP(X91,'Txn Pivot'!$Q:$AD,10,0) -> 0 | AH91: =VLOOKUP(X91,'Txn Pivot'!$Q:$AD,11,0) -> 0 | AI91: =VLOOKUP(X91,'Txn Pivot'!$Q:$AD,12,0) -> 0 | AJ91: =VLOOKUP(X91,'Txn Pivot'!$Q:$AD,13,0) -> 0 | AK91: =VLOOKUP(X91,'Txn Pivot'!$Q:$AD,14,0) -> 6
... B93: =ROW()-ROW($B$79) -> 14 | C93: Mousumi Sarkar | D93: =VLOOKUP(C93,Code!$A:$G,2,0) -> 1 | E93: =VLOOKUP(C93,'Txn Pivot'!$A:$N,3,0) -> 0 | F93: =VLOOKUP(C93,'Txn Pivot'!$A:$N,4,0) -> 0 | G93: =VLOOKUP(C93,'Txn Pivot'!$A:$N,5,0) -> 0 | H93: =VLOOKUP(C93,'Txn Pivot'!$A:$N,6,0) -> 0 | I93: =VLOOKUP(C93,'Txn Pivot'!$A:$N,7,0) -> 128 | J93: =VLOOKUP(C93,'Txn Pivot'!$A:$N,8,0) -> 69 | K93: =VLOOKUP(C93,'Txn Pivot'!$A:$N,9,0) -> 0 | L93: =VLOOKUP(C93,'Txn Pivot'!$A:$N,10,0) -> 0 | M93: =VLOOKUP(C93,'Txn Pivot'!$A:$N,11,0) -> 0 | N93: =VLOOKUP(C93,'Txn Pivot'!$A:$N,12,0) -> 0 | O93: =VLOOKUP(C93,'Txn Pivot'!$A:$N,13,0) -> 0 | P93: =VLOOKUP(C93,'Txn Pivot'!$A:$N,14,0) -> 0 | Q93: =SUM(E93:P93) -> 197 | R93: =(Q93/D93)/$V$79 -> 1.2468354 | W93: =ROW()-ROW($B$79) -> 14 | X93: =C93 -> Mousumi Sarkar | Y93: =VLOOKUP(X93,'Txn Pivot'!$Q:$AD,2,0) -> 0 | Z93: =VLOOKUP(X93,'Txn Pivot'!$Q:$AD,3,0) -> 0 | AA93: =VLOOKUP(X93,'Txn Pivot'!$Q:$AD,4,0) -> 0 | AB93: =VLOOKUP(X93,'Txn Pivot'!$Q:$AD,5,0) -> 0 | AC93: =VLOOKUP(X93,'Txn Pivot'!$Q:$AD,6,0) -> 1 | AD93: =VLOOKUP(X93,'Txn Pivot'!$Q:$AD,7,0) -> 1 | AE93: =VLOOKUP(X93,'Txn Pivot'!$Q:$AD,8,0) -> 0 | AF93: =VLOOKUP(X93,'Txn Pivot'!$Q:$AD,9,0) -> 0 | AG93: =VLOOKUP(X93,'Txn Pivot'!$Q:$AD,10,0) -> 0 | AH93: =VLOOKUP(X93,'Txn Pivot'!$Q:$AD,11,0) -> 0 | AI93: =VLOOKUP(X93,'Txn Pivot'!$Q:$AD,12,0) -> 0 | AJ93: =VLOOKUP(X93,'Txn Pivot'!$Q:$AD,13,0) -> 0 | AK93: =VLOOKUP(X93,'Txn Pivot'!$Q:$AD,14,0) -> 0
B95: Grand Total | D95: =SUM(D80:D93) -> 79 | E95: =SUM(E80:E93) -> 41912 | F95: =SUM(F80:F93) -> 39960 | G95: =SUM(G80:G93) -> 35932 | H95: =SUM(H80:H93) -> 41635 | I95: =SUM(I80:I93) -> 46138 | J95: =SUM(J80:J93) -> 8592 | K95: =SUM(K80:K93) -> 0 | ... Q95: =SUM(Q80:Q93) -> 214169 | R95: =(Q95/D95)/$V$79 -> 17.158228 | W95: Grand Total | Y95: =SUM(Y80:Y93) -> 82 | Z95: =SUM(Z80:Z93) -> 83 | AA95: =SUM(AA80:AA93) -> 84 | AB95: =SUM(AB80:AB93) -> 84 | AC95: =SUM(AC80:AC93) -> 86 | AD95: =SUM(AD80:AD93) -> 79 | AE95: =SUM(AE80:AE93) -> 0 | AF95: =SUM(AF80:AF93) -> 0 | ... AK95: =SUM(AK80:AK93) -> 89
B97: COMMISSION: DC Wise Summary FY 2026-27 (UCO Bank) | W97: COMMISSION: DC Wise Summary FY 2026-27 (UCO Bank)
B98: Sl No | C98: DC Name | D98: Total Code | E98: 46113 | F98: 46143 | G98: 46174 | H98: 46204 | I98: 46235 | J98: 46266 | K98: 46296 | L98: 46327 | M98: 46357 | N98: 46388 | O98: 46419 | P98: 46447 | Q98: Total Comm | R98: Average Comm | W98: Sl No | X98: DC Name | Y98: 46113 | Z98: 46143 | AA98: 46174 | AB98: 46204 | AC98: 46235 | AD98: 46266 | AE98: 46296 | AF98: 46327 | AG98: 46357 | AH98: 46388 | AI98: 46419 | AJ98: 46447 | AK98: Total Count
B99: =ROW()-ROW($B$98) -> 1 | C99: Rajendra Kumar Bapari | D99: =VLOOKUP(C99,Code!$A:$G,4,0) -> 3 | E99: =VLOOKUP(C99,'Comm Pivot'!$A:$N,2,0) -> 23798 | F99: =VLOOKUP(C99,'Comm Pivot'!$A:$N,3,0) -> 22839 | G99: =VLOOKUP(C99,'Comm Pivot'!$A:$N,4,0) -> 27775.75 | H99: =VLOOKUP(C99,'Comm Pivot'!$A:$N,5,0) -> 39851.5 | I99: =VLOOKUP(C99,'Comm Pivot'!$A:$N,6,0) -> 65113.5 | J99: =VLOOKUP(C99,'Comm Pivot'!$A:$N,7,0) -> 0 | K99: =VLOOKUP(C99,'Comm Pivot'!$A:$N,8,0) -> 0 | L99: =VLOOKUP(C99,'Comm Pivot'!$A:$N,9,0) -> 0 | M99: =VLOOKUP(C99,'Comm Pivot'!$A:$N,10,0) -> 0 | N99: =VLOOKUP(C99,'Comm Pivot'!$A:$N,11,0) -> 0 | O99: =VLOOKUP(C99,'Comm Pivot'!$A:$N,12,0) -> 0 | P99: =VLOOKUP(C99,'Comm Pivot'!$A:$N,13,0) -> 0 | Q99: =SUM(E99:P99) -> 179377.75 | R99: =Q99/D99/$R$115 -> 19930.861 | W99: =ROW()-ROW($B$98) -> 1 | X99: =C99 -> Rajendra Kumar Bapari | Y99: =VLOOKUP(X99,'Comm Pivot'!$P:$AC,2,0) -> 3 | Z99: =VLOOKUP(X99,'Comm Pivot'!$P:$AC,3,0) -> 3 | AA99: =VLOOKUP(X99,'Comm Pivot'!$P:$AC,4,0) -> 3 | AB99: =VLOOKUP(X99,'Comm Pivot'!$P:$AC,5,0) -> 3 | AC99: =VLOOKUP(X99,'Comm Pivot'!$P:$AC,6,0) -> 3 | AD99: =VLOOKUP(X99,'Comm Pivot'!$P:$AC,7,0) -> 0 | AE99: =VLOOKUP(X99,'Comm Pivot'!$P:$AC,8,0) -> 0 | AF99: =VLOOKUP(X99,'Comm Pivot'!$P:$AC,9,0) -> 0 | AG99: =VLOOKUP(X99,'Comm Pivot'!$P:$AC,10,0) -> 0 | AH99: =VLOOKUP(X99,'Comm Pivot'!$P:$AC,11,0) -> 0 | AI99: =VLOOKUP(X99,'Comm Pivot'!$P:$AC,12,0) -> 0 | AJ99: =VLOOKUP(X99,'Comm Pivot'!$P:$AC,13,0) -> 0 | AK99: =VLOOKUP(X99,'Comm Pivot'!$P:$AC,14,0) -> 3
B100: =ROW()-ROW($B$98) -> 2 | C100: Under Office (W Medinipur) | D100: =VLOOKUP(C100,Code!$A:$G,4,0) -> 19 | E100: =VLOOKUP(C100,'Comm Pivot'!$A:$N,2,0) -> 175386 | F100: =VLOOKUP(C100,'Comm Pivot'!$A:$N,3,0) -> 185631.75 | G100: =VLOOKUP(C100,'Comm Pivot'!$A:$N,4,0) -> 170952.25 | H100: =VLOOKUP(C100,'Comm Pivot'!$A:$N,5,0) -> 194291.5 | I100: =VLOOKUP(C100,'Comm Pivot'!$A:$N,6,0) -> 218364.5 | J100: =VLOOKUP(C100,'Comm Pivot'!$A:$N,7,0) -> 0 | K100: =VLOOKUP(C100,'Comm Pivot'!$A:$N,8,0) -> 0 | L100: =VLOOKUP(C100,'Comm Pivot'!$A:$N,9,0) -> 0 | M100: =VLOOKUP(C100,'Comm Pivot'!$A:$N,10,0) -> 0 | N100: =VLOOKUP(C100,'Comm Pivot'!$A:$N,11,0) -> 0 | O100: =VLOOKUP(C100,'Comm Pivot'!$A:$N,12,0) -> 0 | P100: =VLOOKUP(C100,'Comm Pivot'!$A:$N,13,0) -> 0 | Q100: =SUM(E100:P100) -> 944626 | R100: =Q100/D100/$R$115 -> 16572.386 | W100: =ROW()-ROW($B$98) -> 2 | X100: =C100 -> Under Office (W Medinipur) | Y100: =VLOOKUP(X100,'Comm Pivot'!$P:$AC,2,0) -> 19 | Z100: =VLOOKUP(X100,'Comm Pivot'!$P:$AC,3,0) -> 19 | AA100: =VLOOKUP(X100,'Comm Pivot'!$P:$AC,4,0) -> 19 | AB100: =VLOOKUP(X100,'Comm Pivot'!$P:$AC,5,0) -> 19 | AC100: =VLOOKUP(X100,'Comm Pivot'!$P:$AC,6,0) -> 19 | AD100: =VLOOKUP(X100,'Comm Pivot'!$P:$AC,7,0) -> 0 | AE100: =VLOOKUP(X100,'Comm Pivot'!$P:$AC,8,0) -> 0 | AF100: =VLOOKUP(X100,'Comm Pivot'!$P:$AC,9,0) -> 0 | AG100: =VLOOKUP(X100,'Comm Pivot'!$P:$AC,10,0) -> 0 | AH100: =VLOOKUP(X100,'Comm Pivot'!$P:$AC,11,0) -> 0 | AI100: =VLOOKUP(X100,'Comm Pivot'!$P:$AC,12,0) -> 0 | AJ100: =VLOOKUP(X100,'Comm Pivot'!$P:$AC,13,0) -> 0 | AK100: =VLOOKUP(X100,'Comm Pivot'!$P:$AC,14,0) -> 19
B101: =ROW()-ROW($B$98) -> 3 | C101: Rajiul Momin | D101: =VLOOKUP(C101,Code!$A:$G,4,0) -> 2 | E101: =VLOOKUP(C101,'Comm Pivot'!$A:$N,2,0) -> 20202.5 | F101: =VLOOKUP(C101,'Comm Pivot'!$A:$N,3,0) -> 17663 | G101: =VLOOKUP(C101,'Comm Pivot'!$A:$N,4,0) -> 21646 | H101: =VLOOKUP(C101,'Comm Pivot'!$A:$N,5,0) -> 19635.75 | I101: =VLOOKUP(C101,'Comm Pivot'!$A:$N,6,0) -> 18184.5 | J101: =VLOOKUP(C101,'Comm Pivot'!$A:$N,7,0) -> 0 | K101: =VLOOKUP(C101,'Comm Pivot'!$A:$N,8,0) -> 0 | L101: =VLOOKUP(C101,'Comm Pivot'!$A:$N,9,0) -> 0 | M101: =VLOOKUP(C101,'Comm Pivot'!$A:$N,10,0) -> 0 | N101: =VLOOKUP(C101,'Comm Pivot'!$A:$N,11,0) -> 0 | O101: =VLOOKUP(C101,'Comm Pivot'!$A:$N,12,0) -> 0 | P101: =VLOOKUP(C101,'Comm Pivot'!$A:$N,13,0) -> 0 | Q101: =SUM(E101:P101) -> 97331.75 | R101: =Q101/D101/$R$115 -> 16221.958 | W101: =ROW()-ROW($B$98) -> 3 | X101: =C101 -> Rajiul Momin | Y101: =VLOOKUP(X101,'Comm Pivot'!$P:$AC,2,0) -> 2 | Z101: =VLOOKUP(X101,'Comm Pivot'!$P:$AC,3,0) -> 2 | AA101: =VLOOKUP(X101,'Comm Pivot'!$P:$AC,4,0) -> 2 | AB101: =VLOOKUP(X101,'Comm Pivot'!$P:$AC,5,0) -> 2 | AC101: =VLOOKUP(X101,'Comm Pivot'!$P:$AC,6,0) -> 2 | AD101: =VLOOKUP(X101,'Comm Pivot'!$P:$AC,7,0) -> 0 | AE101: =VLOOKUP(X101,'Comm Pivot'!$P:$AC,8,0) -> 0 | AF101: =VLOOKUP(X101,'Comm Pivot'!$P:$AC,9,0) -> 0 | AG101: =VLOOKUP(X101,'Comm Pivot'!$P:$AC,10,0) -> 0 | AH101: =VLOOKUP(X101,'Comm Pivot'!$P:$AC,11,0) -> 0 | AI101: =VLOOKUP(X101,'Comm Pivot'!$P:$AC,12,0) -> 0 | AJ101: =VLOOKUP(X101,'Comm Pivot'!$P:$AC,13,0) -> 0 | AK101: =VLOOKUP(X101,'Comm Pivot'!$P:$AC,14,0) -> 2
B102: =ROW()-ROW($B$98) -> 4 | C102: Avi Sk | D102: =VLOOKUP(C102,Code!$A:$G,4,0) -> 3 | E102: =VLOOKUP(C102,'Comm Pivot'!$A:$N,2,0) -> 18991.75 | F102: =VLOOKUP(C102,'Comm Pivot'!$A:$N,3,0) -> 18855.5 | G102: =VLOOKUP(C102,'Comm Pivot'!$A:$N,4,0) -> 17157.5 | H102: =VLOOKUP(C102,'Comm Pivot'!$A:$N,5,0) -> 17569.25 | I102: =VLOOKUP(C102,'Comm Pivot'!$A:$N,6,0) -> 17868.75 | J102: =VLOOKUP(C102,'Comm Pivot'!$A:$N,7,0) -> 0 | K102: =VLOOKUP(C102,'Comm Pivot'!$A:$N,8,0) -> 0 | L102: =VLOOKUP(C102,'Comm Pivot'!$A:$N,9,0) -> 0 | M102: =VLOOKUP(C102,'Comm Pivot'!$A:$N,10,0) -> 0 | N102: =VLOOKUP(C102,'Comm Pivot'!$A:$N,11,0) -> 0 | O102: =VLOOKUP(C102,'Comm Pivot'!$A:$N,12,0) -> 0 | P102: =VLOOKUP(C102,'Comm Pivot'!$A:$N,13,0) -> 0 | Q102: =SUM(E102:P102) -> 90442.75 | R102: =Q102/D102/$R$115 -> 10049.194 | W102: =ROW()-ROW($B$98) -> 4 | X102: =C102 -> Avi Sk | Y102: =VLOOKUP(X102,'Comm Pivot'!$P:$AC,2,0) -> 3 | Z102: =VLOOKUP(X102,'Comm Pivot'!$P:$AC,3,0) -> 3 | AA102: =VLOOKUP(X102,'Comm Pivot'!$P:$AC,4,0) -> 3 | AB102: =VLOOKUP(X102,'Comm Pivot'!$P:$AC,5,0) -> 3 | AC102: =VLOOKUP(X102,'Comm Pivot'!$P:$AC,6,0) -> 3 | AD102: =VLOOKUP(X102,'Comm Pivot'!$P:$AC,7,0) -> 0 | AE102: =VLOOKUP(X102,'Comm Pivot'!$P:$AC,8,0) -> 0 | AF102: =VLOOKUP(X102,'Comm Pivot'!$P:$AC,9,0) -> 0 | AG102: =VLOOKUP(X102,'Comm Pivot'!$P:$AC,10,0) -> 0 | AH102: =VLOOKUP(X102,'Comm Pivot'!$P:$AC,11,0) -> 0 | AI102: =VLOOKUP(X102,'Comm Pivot'!$P:$AC,12,0) -> 0 | AJ102: =VLOOKUP(X102,'Comm Pivot'!$P:$AC,13,0) -> 0 | AK102: =VLOOKUP(X102,'Comm Pivot'!$P:$AC,14,0) -> 3
B103: =ROW()-ROW($B$98) -> 5 | C103: Under Office (Birbhum) | D103: =VLOOKUP(C103,Code!$A:$G,4,0) -> 10 | E103: =VLOOKUP(C103,'Comm Pivot'!$A:$N,2,0) -> 53806.5 | F103: =VLOOKUP(C103,'Comm Pivot'!$A:$N,3,0) -> 53689.5 | G103: =VLOOKUP(C103,'Comm Pivot'!$A:$N,4,0) -> 49007.25 | H103: =VLOOKUP(C103,'Comm Pivot'!$A:$N,5,0) -> 59427.5 | I103: =VLOOKUP(C103,'Comm Pivot'!$A:$N,6,0) -> 59865.25 | J103: =VLOOKUP(C103,'Comm Pivot'!$A:$N,7,0) -> 0 | K103: =VLOOKUP(C103,'Comm Pivot'!$A:$N,8,0) -> 0 | L103: =VLOOKUP(C103,'Comm Pivot'!$A:$N,9,0) -> 0 | M103: =VLOOKUP(C103,'Comm Pivot'!$A:$N,10,0) -> 0 | N103: =VLOOKUP(C103,'Comm Pivot'!$A:$N,11,0) -> 0 | O103: =VLOOKUP(C103,'Comm Pivot'!$A:$N,12,0) -> 0 | P103: =VLOOKUP(C103,'Comm Pivot'!$A:$N,13,0) -> 0 | Q103: =SUM(E103:P103) -> 275796 | R103: =Q103/D103/$R$115 -> 9193.2 | W103: =ROW()-ROW($B$98) -> 5 | X103: =C103 -> Under Office (Birbhum) | Y103: =VLOOKUP(X103,'Comm Pivot'!$P:$AC,2,0) -> 7 | Z103: =VLOOKUP(X103,'Comm Pivot'!$P:$AC,3,0) -> 6 | AA103: =VLOOKUP(X103,'Comm Pivot'!$P:$AC,4,0) -> 6 | AB103: =VLOOKUP(X103,'Comm Pivot'!$P:$AC,5,0) -> 6 | AC103: =VLOOKUP(X103,'Comm Pivot'!$P:$AC,6,0) -> 7 | AD103: =VLOOKUP(X103,'Comm Pivot'!$P:$AC,7,0) -> 0 | AE103: =VLOOKUP(X103,'Comm Pivot'!$P:$AC,8,0) -> 0 | AF103: =VLOOKUP(X103,'Comm Pivot'!$P:$AC,9,0) -> 0 | AG103: =VLOOKUP(X103,'Comm Pivot'!$P:$AC,10,0) -> 0 | AH103: =VLOOKUP(X103,'Comm Pivot'!$P:$AC,11,0) -> 0 | AI103: =VLOOKUP(X103,'Comm Pivot'!$P:$AC,12,0) -> 0 | AJ103: =VLOOKUP(X103,'Comm Pivot'!$P:$AC,13,0) -> 0 | AK103: =VLOOKUP(X103,'Comm Pivot'!$P:$AC,14,0) -> 7
B104: =ROW()-ROW($B$98) -> 6 | C104: Souvik Maity | D104: =VLOOKUP(C104,Code!$A:$G,4,0) -> 20 | E104: =VLOOKUP(C104,'Comm Pivot'!$A:$N,2,0) -> 109253.25 | F104: =VLOOKUP(C104,'Comm Pivot'!$A:$N,3,0) -> 105819.25 | G104: =VLOOKUP(C104,'Comm Pivot'!$A:$N,4,0) -> 82410 | H104: =VLOOKUP(C104,'Comm Pivot'!$A:$N,5,0) -> 99307 | I104: =VLOOKUP(C104,'Comm Pivot'!$A:$N,6,0) -> 109453.75 | J104: =VLOOKUP(C104,'Comm Pivot'!$A:$N,7,0) -> 0 | K104: =VLOOKUP(C104,'Comm Pivot'!$A:$N,8,0) -> 0 | L104: =VLOOKUP(C104,'Comm Pivot'!$A:$N,9,0) -> 0 | M104: =VLOOKUP(C104,'Comm Pivot'!$A:$N,10,0) -> 0 | N104: =VLOOKUP(C104,'Comm Pivot'!$A:$N,11,0) -> 0 | O104: =VLOOKUP(C104,'Comm Pivot'!$A:$N,12,0) -> 0 | P104: =VLOOKUP(C104,'Comm Pivot'!$A:$N,13,0) -> 0 | Q104: =SUM(E104:P104) -> 506243.25 | R104: =Q104/D104/$R$115 -> 8437.3875 | W104: =ROW()-ROW($B$98) -> 6 | X104: =C104 -> Souvik Maity | Y104: =VLOOKUP(X104,'Comm Pivot'!$P:$AC,2,0) -> 16 | Z104: =VLOOKUP(X104,'Comm Pivot'!$P:$AC,3,0) -> 16 | AA104: =VLOOKUP(X104,'Comm Pivot'!$P:$AC,4,0) -> 16 | AB104: =VLOOKUP(X104,'Comm Pivot'!$P:$AC,5,0) -> 16 | AC104: =VLOOKUP(X104,'Comm Pivot'!$P:$AC,6,0) -> 16 | AD104: =VLOOKUP(X104,'Comm Pivot'!$P:$AC,7,0) -> 0 | AE104: =VLOOKUP(X104,'Comm Pivot'!$P:$AC,8,0) -> 0 | AF104: =VLOOKUP(X104,'Comm Pivot'!$P:$AC,9,0) -> 0 | AG104: =VLOOKUP(X104,'Comm Pivot'!$P:$AC,10,0) -> 0 | AH104: =VLOOKUP(X104,'Comm Pivot'!$P:$AC,11,0) -> 0 | AI104: =VLOOKUP(X104,'Comm Pivot'!$P:$AC,12,0) -> 0 | AJ104: =VLOOKUP(X104,'Comm Pivot'!$P:$AC,13,0) -> 0 | AK104: =VLOOKUP(X104,'Comm Pivot'!$P:$AC,14,0) -> 16
B105: =ROW()-ROW($B$98) -> 7 | C105: Shyamalesh Sarkar | D105: =VLOOKUP(C105,Code!$A:$G,4,0) -> 3 | E105: =VLOOKUP(C105,'Comm Pivot'!$A:$N,2,0) -> 10404.5 | F105: =VLOOKUP(C105,'Comm Pivot'!$A:$N,3,0) -> 9405.75 | G105: =VLOOKUP(C105,'Comm Pivot'!$A:$N,4,0) -> 9906 | H105: =VLOOKUP(C105,'Comm Pivot'!$A:$N,5,0) -> 12412.75 | I105: =VLOOKUP(C105,'Comm Pivot'!$A:$N,6,0) -> 13309.25 | J105: =VLOOKUP(C105,'Comm Pivot'!$A:$N,7,0) -> 0 | K105: =VLOOKUP(C105,'Comm Pivot'!$A:$N,8,0) -> 0 | L105: =VLOOKUP(C105,'Comm Pivot'!$A:$N,9,0) -> 0 | M105: =VLOOKUP(C105,'Comm Pivot'!$A:$N,10,0) -> 0 | N105: =VLOOKUP(C105,'Comm Pivot'!$A:$N,11,0) -> 0 | O105: =VLOOKUP(C105,'Comm Pivot'!$A:$N,12,0) -> 0 | P105: =VLOOKUP(C105,'Comm Pivot'!$A:$N,13,0) -> 0 | Q105: =SUM(E105:P105) -> 55438.25 | R105: =Q105/D105/$R$115 -> 6159.8056 | W105: =ROW()-ROW($B$98) -> 7 | X105: =C105 -> Shyamalesh Sarkar | Y105: =VLOOKUP(X105,'Comm Pivot'!$P:$AC,2,0) -> 3 | Z105: =VLOOKUP(X105,'Comm Pivot'!$P:$AC,3,0) -> 3 | AA105: =VLOOKUP(X105,'Comm Pivot'!$P:$AC,4,0) -> 3 | AB105: =VLOOKUP(X105,'Comm Pivot'!$P:$AC,5,0) -> 3 | AC105: =VLOOKUP(X105,'Comm Pivot'!$P:$AC,6,0) -> 3 | AD105: =VLOOKUP(X105,'Comm Pivot'!$P:$AC,7,0) -> 0 | AE105: =VLOOKUP(X105,'Comm Pivot'!$P:$AC,8,0) -> 0 | AF105: =VLOOKUP(X105,'Comm Pivot'!$P:$AC,9,0) -> 0 | AG105: =VLOOKUP(X105,'Comm Pivot'!$P:$AC,10,0) -> 0 | AH105: =VLOOKUP(X105,'Comm Pivot'!$P:$AC,11,0) -> 0 | AI105: =VLOOKUP(X105,'Comm Pivot'!$P:$AC,12,0) -> 0 | AJ105: =VLOOKUP(X105,'Comm Pivot'!$P:$AC,13,0) -> 0 | AK105: =VLOOKUP(X105,'Comm Pivot'!$P:$AC,14,0) -> 3
B106: =ROW()-ROW($B$98) -> 8 | C106: Sanjoy Paul | D106: =VLOOKUP(C106,Code!$A:$G,4,0) -> 1 | E106: =VLOOKUP(C106,'Comm Pivot'!$A:$N,2,0) -> 3713.75 | F106: =VLOOKUP(C106,'Comm Pivot'!$A:$N,3,0) -> 2330.5 | G106: =VLOOKUP(C106,'Comm Pivot'!$A:$N,4,0) -> 1675.75 | H106: =VLOOKUP(C106,'Comm Pivot'!$A:$N,5,0) -> 2404.5 | I106: =VLOOKUP(C106,'Comm Pivot'!$A:$N,6,0) -> 2696.75 | J106: =VLOOKUP(C106,'Comm Pivot'!$A:$N,7,0) -> 0 | K106: =VLOOKUP(C106,'Comm Pivot'!$A:$N,8,0) -> 0 | L106: =VLOOKUP(C106,'Comm Pivot'!$A:$N,9,0) -> 0 | M106: =VLOOKUP(C106,'Comm Pivot'!$A:$N,10,0) -> 0 | N106: =VLOOKUP(C106,'Comm Pivot'!$A:$N,11,0) -> 0 | O106: =VLOOKUP(C106,'Comm Pivot'!$A:$N,12,0) -> 0 | P106: =VLOOKUP(C106,'Comm Pivot'!$A:$N,13,0) -> 0 | Q106: =SUM(E106:P106) -> 12821.25 | R106: =Q106/D106/$R$115 -> 4273.75 | W106: =ROW()-ROW($B$98) -> 8 | X106: =C106 -> Sanjoy Paul | Y106: =VLOOKUP(X106,'Comm Pivot'!$P:$AC,2,0) -> 1 | Z106: =VLOOKUP(X106,'Comm Pivot'!$P:$AC,3,0) -> 1 | AA106: =VLOOKUP(X106,'Comm Pivot'!$P:$AC,4,0) -> 1 | AB106: =VLOOKUP(X106,'Comm Pivot'!$P:$AC,5,0) -> 1 | AC106: =VLOOKUP(X106,'Comm Pivot'!$P:$AC,6,0) -> 1 | AD106: =VLOOKUP(X106,'Comm Pivot'!$P:$AC,7,0) -> 0 | AE106: =VLOOKUP(X106,'Comm Pivot'!$P:$AC,8,0) -> 0 | AF106: =VLOOKUP(X106,'Comm Pivot'!$P:$AC,9,0) -> 0 | AG106: =VLOOKUP(X106,'Comm Pivot'!$P:$AC,10,0) -> 0 | AH106: =VLOOKUP(X106,'Comm Pivot'!$P:$AC,11,0) -> 0 | AI106: =VLOOKUP(X106,'Comm Pivot'!$P:$AC,12,0) -> 0 | AJ106: =VLOOKUP(X106,'Comm Pivot'!$P:$AC,13,0) -> 0 | AK106: =VLOOKUP(X106,'Comm Pivot'!$P:$AC,14,0) -> 1
B107: =ROW()-ROW($B$98) -> 9 | C107: Chandi Charan Mahato | D107: =VLOOKUP(C107,Code!$A:$G,4,0) -> 7 | E107: =VLOOKUP(C107,'Comm Pivot'!$A:$N,2,0) -> 15441 | F107: =VLOOKUP(C107,'Comm Pivot'!$A:$N,3,0) -> 18851 | G107: =VLOOKUP(C107,'Comm Pivot'!$A:$N,4,0) -> 15705.5 | H107: =VLOOKUP(C107,'Comm Pivot'!$A:$N,5,0) -> 15151.25 | I107: =VLOOKUP(C107,'Comm Pivot'!$A:$N,6,0) -> 16130.75 | J107: =VLOOKUP(C107,'Comm Pivot'!$A:$N,7,0) -> 0 | K107: =VLOOKUP(C107,'Comm Pivot'!$A:$N,8,0) -> 0 | L107: =VLOOKUP(C107,'Comm Pivot'!$A:$N,9,0) -> 0 | M107: =VLOOKUP(C107,'Comm Pivot'!$A:$N,10,0) -> 0 | N107: =VLOOKUP(C107,'Comm Pivot'!$A:$N,11,0) -> 0 | O107: =VLOOKUP(C107,'Comm Pivot'!$A:$N,12,0) -> 0 | P107: =VLOOKUP(C107,'Comm Pivot'!$A:$N,13,0) -> 0 | Q107: =SUM(E107:P107) -> 81279.5 | R107: =Q107/D107/$R$115 -> 3870.4524 | W107: =ROW()-ROW($B$98) -> 9 | X107: =C107 -> Chandi Charan Mahato | Y107: =VLOOKUP(X107,'Comm Pivot'!$P:$AC,2,0) -> 5 | Z107: =VLOOKUP(X107,'Comm Pivot'!$P:$AC,3,0) -> 5 | AA107: =VLOOKUP(X107,'Comm Pivot'!$P:$AC,4,0) -> 4 | AB107: =VLOOKUP(X107,'Comm Pivot'!$P:$AC,5,0) -> 5 | AC107: =VLOOKUP(X107,'Comm Pivot'!$P:$AC,6,0) -> 5 | AD107: =VLOOKUP(X107,'Comm Pivot'!$P:$AC,7,0) -> 0 | AE107: =VLOOKUP(X107,'Comm Pivot'!$P:$AC,8,0) -> 0 | AF107: =VLOOKUP(X107,'Comm Pivot'!$P:$AC,9,0) -> 0 | AG107: =VLOOKUP(X107,'Comm Pivot'!$P:$AC,10,0) -> 0 | AH107: =VLOOKUP(X107,'Comm Pivot'!$P:$AC,11,0) -> 0 | AI107: =VLOOKUP(X107,'Comm Pivot'!$P:$AC,12,0) -> 0 | AJ107: =VLOOKUP(X107,'Comm Pivot'!$P:$AC,13,0) -> 0 | AK107: =VLOOKUP(X107,'Comm Pivot'!$P:$AC,14,0) -> 5
B108: =ROW()-ROW($B$98) -> 10 | C108: Sunil Biswas | D108: =VLOOKUP(C108,Code!$A:$G,4,0) -> 16 | E108: =VLOOKUP(C108,'Comm Pivot'!$A:$N,2,0) -> 35691.75 | F108: =VLOOKUP(C108,'Comm Pivot'!$A:$N,3,0) -> 41215.75 | G108: =VLOOKUP(C108,'Comm Pivot'!$A:$N,4,0) -> 32128.5 | H108: =VLOOKUP(C108,'Comm Pivot'!$A:$N,5,0) -> 35305.25 | I108: =VLOOKUP(C108,'Comm Pivot'!$A:$N,6,0) -> 29368 | J108: =VLOOKUP(C108,'Comm Pivot'!$A:$N,7,0) -> 0 | K108: =VLOOKUP(C108,'Comm Pivot'!$A:$N,8,0) -> 0 | L108: =VLOOKUP(C108,'Comm Pivot'!$A:$N,9,0) -> 0 | M108: =VLOOKUP(C108,'Comm Pivot'!$A:$N,10,0) -> 0 | N108: =VLOOKUP(C108,'Comm Pivot'!$A:$N,11,0) -> 0 | O108: =VLOOKUP(C108,'Comm Pivot'!$A:$N,12,0) -> 0 | P108: =VLOOKUP(C108,'Comm Pivot'!$A:$N,13,0) -> 0 | Q108: =SUM(E108:P108) -> 173709.25 | R108: =Q108/D108/$R$115 -> 3618.9427 | W108: =ROW()-ROW($B$98) -> 10 | X108: =C108 -> Sunil Biswas | Y108: =VLOOKUP(X108,'Comm Pivot'!$P:$AC,2,0) -> 13 | Z108: =VLOOKUP(X108,'Comm Pivot'!$P:$AC,3,0) -> 13 | AA108: =VLOOKUP(X108,'Comm Pivot'!$P:$AC,4,0) -> 13 | AB108: =VLOOKUP(X108,'Comm Pivot'!$P:$AC,5,0) -> 13 | AC108: =VLOOKUP(X108,'Comm Pivot'!$P:$AC,6,0) -> 12 | AD108: =VLOOKUP(X108,'Comm Pivot'!$P:$AC,7,0) -> 0 | AE108: =VLOOKUP(X108,'Comm Pivot'!$P:$AC,8,0) -> 0 | AF108: =VLOOKUP(X108,'Comm Pivot'!$P:$AC,9,0) -> 0 | AG108: =VLOOKUP(X108,'Comm Pivot'!$P:$AC,10,0) -> 0 | AH108: =VLOOKUP(X108,'Comm Pivot'!$P:$AC,11,0) -> 0 | AI108: =VLOOKUP(X108,'Comm Pivot'!$P:$AC,12,0) -> 0 | AJ108: =VLOOKUP(X108,'Comm Pivot'!$P:$AC,13,0) -> 0 | AK108: =VLOOKUP(X108,'Comm Pivot'!$P:$AC,14,0) -> 15
B109: =ROW()-ROW($B$98) -> 11 | C109: Pijush Singha | D109: =VLOOKUP(C109,Code!$A:$G,4,0) -> 2 | E109: =VLOOKUP(C109,'Comm Pivot'!$A:$N,2,0) -> 3126 | F109: =VLOOKUP(C109,'Comm Pivot'!$A:$N,3,0) -> 3335 | G109: =VLOOKUP(C109,'Comm Pivot'!$A:$N,4,0) -> 2677 | H109: =VLOOKUP(C109,'Comm Pivot'!$A:$N,5,0) -> 4570.75 | I109: =VLOOKUP(C109,'Comm Pivot'!$A:$N,6,0) -> 3072 | J109: =VLOOKUP(C109,'Comm Pivot'!$A:$N,7,0) -> 0 | K109: =VLOOKUP(C109,'Comm Pivot'!$A:$N,8,0) -> 0 | L109: =VLOOKUP(C109,'Comm Pivot'!$A:$N,9,0) -> 0 | M109: =VLOOKUP(C109,'Comm Pivot'!$A:$N,10,0) -> 0 | N109: =VLOOKUP(C109,'Comm Pivot'!$A:$N,11,0) -> 0 | O109: =VLOOKUP(C109,'Comm Pivot'!$A:$N,12,0) -> 0 | P109: =VLOOKUP(C109,'Comm Pivot'!$A:$N,13,0) -> 0 | Q109: =SUM(E109:P109) -> 16780.75 | R109: =Q109/D109/$R$115 -> 2796.7917 | W109: =ROW()-ROW($B$98) -> 11 | X109: =C109 -> Pijush Singha | Y109: =VLOOKUP(X109,'Comm Pivot'!$P:$AC,2,0) -> 2 | Z109: =VLOOKUP(X109,'Comm Pivot'!$P:$AC,3,0) -> 2 | AA109: =VLOOKUP(X109,'Comm Pivot'!$P:$AC,4,0) -> 2 | AB109: =VLOOKUP(X109,'Comm Pivot'!$P:$AC,5,0) -> 2 | AC109: =VLOOKUP(X109,'Comm Pivot'!$P:$AC,6,0) -> 2 | AD109: =VLOOKUP(X109,'Comm Pivot'!$P:$AC,7,0) -> 0 | AE109: =VLOOKUP(X109,'Comm Pivot'!$P:$AC,8,0) -> 0 | AF109: =VLOOKUP(X109,'Comm Pivot'!$P:$AC,9,0) -> 0 | AG109: =VLOOKUP(X109,'Comm Pivot'!$P:$AC,10,0) -> 0 | AH109: =VLOOKUP(X109,'Comm Pivot'!$P:$AC,11,0) -> 0 | AI109: =VLOOKUP(X109,'Comm Pivot'!$P:$AC,12,0) -> 0 | AJ109: =VLOOKUP(X109,'Comm Pivot'!$P:$AC,13,0) -> 0 | AK109: =VLOOKUP(X109,'Comm Pivot'!$P:$AC,14,0) -> 2
B110: =ROW()-ROW($B$98) -> 12 | C110: Santanu Bera | D110: =VLOOKUP(C110,Code!$A:$G,4,0) -> 8 | E110: =VLOOKUP(C110,'Comm Pivot'!$A:$N,2,0) -> 8379 | F110: =VLOOKUP(C110,'Comm Pivot'!$A:$N,3,0) -> 8548.5 | G110: =VLOOKUP(C110,'Comm Pivot'!$A:$N,4,0) -> 5908 | H110: =VLOOKUP(C110,'Comm Pivot'!$A:$N,5,0) -> 9140.25 | I110: =VLOOKUP(C110,'Comm Pivot'!$A:$N,6,0) -> 8688.25 | J110: =VLOOKUP(C110,'Comm Pivot'!$A:$N,7,0) -> 0 | K110: =VLOOKUP(C110,'Comm Pivot'!$A:$N,8,0) -> 0 | L110: =VLOOKUP(C110,'Comm Pivot'!$A:$N,9,0) -> 0 | M110: =VLOOKUP(C110,'Comm Pivot'!$A:$N,10,0) -> 0 | N110: =VLOOKUP(C110,'Comm Pivot'!$A:$N,11,0) -> 0 | O110: =VLOOKUP(C110,'Comm Pivot'!$A:$N,12,0) -> 0 | P110: =VLOOKUP(C110,'Comm Pivot'!$A:$N,13,0) -> 0 | Q110: =SUM(E110:P110) -> 40664 | R110: =Q110/D110/$R$115 -> 1694.3333 | W110: =ROW()-ROW($B$98) -> 12 | X110: =C110 -> Santanu Bera | Y110: =VLOOKUP(X110,'Comm Pivot'!$P:$AC,2,0) -> 5 | Z110: =VLOOKUP(X110,'Comm Pivot'!$P:$AC,3,0) -> 5 | AA110: =VLOOKUP(X110,'Comm Pivot'!$P:$AC,4,0) -> 6 | AB110: =VLOOKUP(X110,'Comm Pivot'!$P:$AC,5,0) -> 6 | AC110: =VLOOKUP(X110,'Comm Pivot'!$P:$AC,6,0) -> 6 | AD110: =VLOOKUP(X110,'Comm Pivot'!$P:$AC,7,0) -> 0 | AE110: =VLOOKUP(X110,'Comm Pivot'!$P:$AC,8,0) -> 0 | AF110: =VLOOKUP(X110,'Comm Pivot'!$P:$AC,9,0) -> 0 | AG110: =VLOOKUP(X110,'Comm Pivot'!$P:$AC,10,0) -> 0 | AH110: =VLOOKUP(X110,'Comm Pivot'!$P:$AC,11,0) -> 0 | AI110: =VLOOKUP(X110,'Comm Pivot'!$P:$AC,12,0) -> 0 | AJ110: =VLOOKUP(X110,'Comm Pivot'!$P:$AC,13,0) -> 0 | AK110: =VLOOKUP(X110,'Comm Pivot'!$P:$AC,14,0) -> 6
... B112: =ROW()-ROW($B$98) -> 14 | C112: Mousumi Sarkar | D112: =VLOOKUP(C112,Code!$A:$G,4,0) -> 1 | E112: =VLOOKUP(C112,'Comm Pivot'!$A:$N,2,0) -> 0 | F112: =VLOOKUP(C112,'Comm Pivot'!$A:$N,3,0) -> 0 | G112: =VLOOKUP(C112,'Comm Pivot'!$A:$N,4,0) -> 0 | H112: =VLOOKUP(C112,'Comm Pivot'!$A:$N,5,0) -> 0 | I112: =VLOOKUP(C112,'Comm Pivot'!$A:$N,6,0) -> 1221 | J112: =VLOOKUP(C112,'Comm Pivot'!$A:$N,7,0) -> 0 | K112: =VLOOKUP(C112,'Comm Pivot'!$A:$N,8,0) -> 0 | L112: =VLOOKUP(C112,'Comm Pivot'!$A:$N,9,0) -> 0 | M112: =VLOOKUP(C112,'Comm Pivot'!$A:$N,10,0) -> 0 | N112: =VLOOKUP(C112,'Comm Pivot'!$A:$N,11,0) -> 0 | O112: =VLOOKUP(C112,'Comm Pivot'!$A:$N,12,0) -> 0 | P112: =VLOOKUP(C112,'Comm Pivot'!$A:$N,13,0) -> 0 | Q112: =SUM(E112:P112) -> 1221 | R112: =Q112/D112/$R$115 -> 407 | W112: =ROW()-ROW($B$98) -> 14 | X112: =C112 -> Mousumi Sarkar | Y112: =VLOOKUP(X112,'Comm Pivot'!$P:$AC,2,0) -> 0 | Z112: =VLOOKUP(X112,'Comm Pivot'!$P:$AC,3,0) -> 0 | AA112: =VLOOKUP(X112,'Comm Pivot'!$P:$AC,4,0) -> 0 | AB112: =VLOOKUP(X112,'Comm Pivot'!$P:$AC,5,0) -> 0 | AC112: =VLOOKUP(X112,'Comm Pivot'!$P:$AC,6,0) -> 1 | AD112: =VLOOKUP(X112,'Comm Pivot'!$P:$AC,7,0) -> 0 | AE112: =VLOOKUP(X112,'Comm Pivot'!$P:$AC,8,0) -> 0 | AF112: =VLOOKUP(X112,'Comm Pivot'!$P:$AC,9,0) -> 0 | AG112: =VLOOKUP(X112,'Comm Pivot'!$P:$AC,10,0) -> 0 | AH112: =VLOOKUP(X112,'Comm Pivot'!$P:$AC,11,0) -> 0 | AI112: =VLOOKUP(X112,'Comm Pivot'!$P:$AC,12,0) -> 0 | AJ112: =VLOOKUP(X112,'Comm Pivot'!$P:$AC,13,0) -> 0 | AK112: =VLOOKUP(X112,'Comm Pivot'!$P:$AC,14,0) -> 0
B114: Grand Total | D114: =SUM(D99:D112) -> 103 | E114: =SUM(E99:E112) -> 483484 | F114: =SUM(F99:F112) -> 493821.25 | G114: =SUM(G99:G112) -> 442742 | H114: =SUM(H99:H112) -> 516244 | I114: =SUM(I99:I112) -> 572275.5 | J114: =SUM(J99:J112) -> 0 | K114: =SUM(K99:K112) -> 0 | ... Q114: =SUM(Q99:Q112) -> 2508566.8 | R114: =Q114/D114/2 -> 12177.508 | W114: Grand Total | Y114: =SUM(Y99:Y112) -> 83 | Z114: =SUM(Z99:Z112) -> 83 | AA114: =SUM(AA99:AA112) -> 84 | AB114: =SUM(AB99:AB112) -> 85 | AC114: =SUM(AC99:AC112) -> 87 | AD114: =SUM(AD99:AD112) -> 0 | AE114: =SUM(AE99:AE112) -> 0 | AF114: =SUM(AF99:AF112) -> 0 | ... AK114: =SUM(AK99:AK112) -> 88
R115: =COUNTIF(E114:G114,">0") -> 3

Sheet AC Pivot
A3: Row Labels | B3: Sum of Target | C3: Sum of Apr-26 | D3: Sum of May-26 | E3: Sum of Jun-26 | F3: Sum of Jul-26 | G3: Sum of Aug-26 | H3: Sum of Sep-26 | I3: Sum of Oct-26 | J3: Sum of Nov-26 | K3: Sum of Dec-26 | L3: Sum of Jan-27 | M3: Sum of Feb-27 | N3: Sum of Mar-27 | O3: Sum of Total AC | Q3: Row Labels | R3: Count of Apr-26 | S3: Count of May-26 | T3: Count of Jun-26 | U3: Count of Jul-26 | V3: Count of Aug-26 | W3: Count of Sep-26 | X3: Count of Oct-26 | Y3: Count of Nov-26 | Z3: Count of Dec-26 | AA3: Count of Jan-27 | AB3: Count of Feb-27 | AC3: Count of Mar-27 | AD3: Count of Total AC
A4: Avi Sk | B4: 540 | C4: 4 | D4: 10 | E4: 34 | F4: 23 | G4: 14 | H4: 10 | O4: 95 | Q4: Avi Sk | R4: 2 | S4: 2 | T4: 3 | U4: 3 | V4: 3 | W4: 2 | AD4: 3
A5: Chandi Charan Mahato | B5: 840 | C5: 81 | D5: 145 | E5: 81 | F5: 92 | G5: 89 | H5: 10 | O5: 498 | Q5: Chandi Charan Mahato | R5: 4 | S5: 5 | T5: 4 | U5: 4 | V5: 4 | W5: 3 | AD5: 5
A6: Manindra Nath Barman | B6: 960 | C6: 39 | D6: 66 | E6: 86 | F6: 103 | G6: 87 | H6: 13 | O6: 394 | Q6: Manindra Nath Barman | R6: 3 | S6: 3 | T6: 4 | U6: 6 | V6: 6 | W6: 5 | AD6: 7
A7: Pijush Singha | B7: 360 | C7: 25 | D7: 50 | E7: 24 | F7: 47 | G7: 33 | H7: 9 | O7: 188 | Q7: Pijush Singha | R7: 2 | S7: 2 | T7: 2 | U7: 2 | V7: 2 | W7: 2 | AD7: 2
A8: Rajendra Kumar Bapari | B8: 540 | C8: 13 | D8: 46 | E8: 39 | F8: 33 | G8: 39 | H8: 13 | O8: 183 | Q8: Rajendra Kumar Bapari | R8: 2 | S8: 3 | T8: 3 | U8: 3 | V8: 3 | W8: 3 | AD8: 3
A9: Rajiul Momin | B9: 360 | C9: 18 | D9: 35 | E9: 31 | F9: 34 | G9: 21 | H9: 10 | O9: 149 | Q9: Rajiul Momin | R9: 2 | S9: 2 | T9: 2 | U9: 2 | V9: 2 | W9: 2 | AD9: 2
A10: Sanjoy Paul | B10: 180 | C10: 13 | D10: 20 | E10: 9 | F10: 19 | G10: 14 | H10: 1 | O10: 76 | Q10: Sanjoy Paul | R10: 1 | S10: 1 | T10: 1 | U10: 1 | V10: 1 | W10: 1 | AD10: 1
A11: Santanu Bera | B11: 1020 | C11: 13 | D11: 28 | E11: 28 | F11: 56 | G11: 25 | H11: 2 | O11: 152 | Q11: Santanu Bera | R11: 3 | S11: 4 | T11: 4 | U11: 5 | V11: 3 | W11: 2 | AD11: 5
A12: Shyamalesh Sarkar | B12: 540 | C12: 66 | D12: 81 | E12: 104 | F12: 142 | G12: 69 | H12: 10 | O12: 472 | Q12: Shyamalesh Sarkar | R12: 3 | S12: 3 | T12: 3 | U12: 3 | V12: 3 | W12: 3 | AD12: 3
A13: Sunil Biswas | B13: 2220 | C13: 92 | D13: 386 | E13: 176 | F13: 301 | G13: 137 | H13: 21 | O13: 1113 | Q13: Sunil Biswas | R13: 13 | S13: 11 | T13: 12 | U13: 13 | V13: 12 | W13: 9 | AD13: 15
A14: Under Office (Birbhum) | B14: 1140 | C14: 48 | D14: 71 | E14: 92 | F14: 83 | G14: 85 | H14: 18 | O14: 397 | Q14: Under Office (Birbhum) | R14: 7 | S14: 6 | T14: 6 | U14: 6 | V14: 6 | W14: 5 | AD14: 7
A15: Mousumi Sarkar | B15: 60 | H15: 1 | O15: 1 | Q15: Mousumi Sarkar | W15: 1 | AD15: 1
A16: Souvik Maity | B16: 2760 | C16: 78 | D16: 249 | E16: 223 | F16: 211 | G16: 143 | H16: 18 | O16: 922 | Q16: Souvik Maity | R16: 15 | S16: 15 | T16: 14 | U16: 14 | V16: 14 | W16: 8 | AD16: 16
A17: Under Office (W Medinipur) | B17: 3420 | C17: 97 | D17: 245 | E17: 204 | F17: 196 | G17: 179 | H17: 28 | O17: 949 | Q17: Under Office (W Medinipur) | R17: 15 | S17: 19 | T17: 18 | U17: 16 | V17: 18 | W17: 12 | AD17: 19
A18: Grand Total | B18: 14940 | C18: 587 | D18: 1432 | E18: 1131 | F18: 1340 | G18: 935 | H18: 164 | O18: 5589 | Q18: Grand Total | R18: 72 | S18: 76 | T18: 76 | U18: 78 | V18: 77 | W18: 58 | AD18: 89

Sheet Count
B2: UCO Bank: SSS Report Summary 01-04-2026 to 07-09-2026 (Online report only Sep-26)
B3: Category --------------> | D3: Code | G3: APY | J3: PMJJBY | M3: PMSBY | P3: ACCOUNT
B4: ZO Name | C4: DC Name | D4: Total | E4: Active | F4: Inactive | G4: Enroll | H4: Participants | I4: Non Participants | J4: Enroll | K4: Participants | L4: Non Participants | M4: Enroll | N4: Participants | O4: Non Participants | P4: Enroll | Q4: Participants | R4: Non Participants
B5: Durgapur | C5: Chandi Charan Mahato | D5: =VLOOKUP(C5,Code!$A:$E,4,0) -> 7 | E5: =VLOOKUP(C5,Code!$A:$E,2,0) -> 3 | F5: =VLOOKUP(C5,Code!$A:$E,3,0) -> 4 | G5: =VLOOKUP(C5,'APY Pivot'!$A:$O,15,0) -> 20 | H5: =VLOOKUP(C5,'APY Pivot'!$Q:$AD,14,0) -> 4 | I5: =E5-H5 -> -1 | J5: =VLOOKUP(C5,'JJBY Pivot'!$A:$O,15,0) -> 55 | K5: =VLOOKUP(C5,'JJBY Pivot'!$Q:$AD,14,0) -> 4 | L5: =E5-K5 -> -1 | M5: =VLOOKUP(C5,'SBY Pivot'!$A:$O,15,0) -> 248 | N5: =VLOOKUP(C5,'SBY Pivot'!$Q:$AD,14,0) -> 5 | O5: =E5-N5 -> -2 | P5: =VLOOKUP(C5,'AC Pivot'!$A:$O,15,0) -> 498 | Q5: =VLOOKUP(C5,'AC Pivot'!$Q:$AD,14,0) -> 5 | R5: =E5-Q5 -> -2
C6: Rajendra Kumar Bapari | D6: =VLOOKUP(C6,Code!$A:$E,4,0) -> 3 | E6: =VLOOKUP(C6,Code!$A:$E,2,0) -> 3 | F6: =VLOOKUP(C6,Code!$A:$E,3,0) -> 0 | G6: =VLOOKUP(C6,'APY Pivot'!$A:$O,15,0) -> 54 | H6: =VLOOKUP(C6,'APY Pivot'!$Q:$AD,14,0) -> 3 | I6: =E6-H6 -> 0 | J6: =VLOOKUP(C6,'JJBY Pivot'!$A:$O,15,0) -> 106 | K6: =VLOOKUP(C6,'JJBY Pivot'!$Q:$AD,14,0) -> 3 | L6: =E6-K6 -> 0 | M6: =VLOOKUP(C6,'SBY Pivot'!$A:$O,15,0) -> 183 | N6: =VLOOKUP(C6,'SBY Pivot'!$Q:$AD,14,0) -> 3 | O6: =E6-N6 -> 0 | P6: =VLOOKUP(C6,'AC Pivot'!$A:$O,15,0) -> 183 | Q6: =VLOOKUP(C6,'AC Pivot'!$Q:$AD,14,0) -> 3 | R6: =E6-Q6 -> 0
C7: Sunil Biswas | D7: =VLOOKUP(C7,Code!$A:$E,4,0) -> 16 | E7: =VLOOKUP(C7,Code!$A:$E,2,0) -> 10 | F7: =VLOOKUP(C7,Code!$A:$E,3,0) -> 6 | G7: =VLOOKUP(C7,'APY Pivot'!$A:$O,15,0) -> 42 | H7: =VLOOKUP(C7,'APY Pivot'!$Q:$AD,14,0) -> 6 | I7: =E7-H7 -> 4 | J7: =VLOOKUP(C7,'JJBY Pivot'!$A:$O,15,0) -> 247 | K7: =VLOOKUP(C7,'JJBY Pivot'!$Q:$AD,14,0) -> 7 | L7: =E7-K7 -> 3 | M7: =VLOOKUP(C7,'SBY Pivot'!$A:$O,15,0) -> 823 | N7: =VLOOKUP(C7,'SBY Pivot'!$Q:$AD,14,0) -> 14 | O7: =E7-N7 -> -4 | P7: =VLOOKUP(C7,'AC Pivot'!$A:$O,15,0) -> 1113 | Q7: =VLOOKUP(C7,'AC Pivot'!$Q:$AD,14,0) -> 15 | R7: =E7-Q7 -> -5
B8: Durgapur Total | D8: =SUM(D5:D7) -> 26 | E8: =SUM(E5:E7) -> 16 | F8: =SUM(F5:F7) -> 10 | G8: =SUM(G5:G7) -> 116 | H8: =SUM(H5:H7) -> 13 | I8: =SUM(I5:I7) -> 3 | J8: =SUM(J5:J7) -> 408 | K8: =SUM(K5:K7) -> 14 | ... R8: =SUM(R5:R7) -> -7
B9: Hooghly | C9: Santanu Bera | D9: =VLOOKUP(C9,Code!$A:$E,4,0) -> 8 | E9: =VLOOKUP(C9,Code!$A:$E,2,0) -> 6 | F9: =VLOOKUP(C9,Code!$A:$E,3,0) -> 2 | G9: =VLOOKUP(C9,'APY Pivot'!$A:$O,15,0) -> 11 | H9: =VLOOKUP(C9,'APY Pivot'!$Q:$AD,14,0) -> 2 | I9: =E9-H9 -> 4 | J9: =VLOOKUP(C9,'JJBY Pivot'!$A:$O,15,0) -> 8 | K9: =VLOOKUP(C9,'JJBY Pivot'!$Q:$AD,14,0) -> 3 | L9: =E9-K9 -> 3 | M9: =VLOOKUP(C9,'SBY Pivot'!$A:$O,15,0) -> 69 | N9: =VLOOKUP(C9,'SBY Pivot'!$Q:$AD,14,0) -> 5 | O9: =E9-N9 -> 1 | P9: =VLOOKUP(C9,'AC Pivot'!$A:$O,15,0) -> 152 | Q9: =VLOOKUP(C9,'AC Pivot'!$Q:$AD,14,0) -> 5 | R9: =E9-Q9 -> 1
C10: Souvik Maity | D10: =VLOOKUP(C10,Code!$A:$E,4,0) -> 20 | E10: =VLOOKUP(C10,Code!$A:$E,2,0) -> 16 | F10: =VLOOKUP(C10,Code!$A:$E,3,0) -> 4 | G10: =VLOOKUP(C10,'APY Pivot'!$A:$O,15,0) -> 121 | H10: =VLOOKUP(C10,'APY Pivot'!$Q:$AD,14,0) -> 12 | I10: =E10-H10 -> 4 | J10: =VLOOKUP(C10,'JJBY Pivot'!$A:$O,15,0) -> 252 | K10: =VLOOKUP(C10,'JJBY Pivot'!$Q:$AD,14,0) -> 11 | L10: =E10-K10 -> 5 | M10: =VLOOKUP(C10,'SBY Pivot'!$A:$O,15,0) -> 821 | N10: =VLOOKUP(C10,'SBY Pivot'!$Q:$AD,14,0) -> 16 | O10: =E10-N10 -> 0 | P10: =VLOOKUP(C10,'AC Pivot'!$A:$O,15,0) -> 922 | Q10: =VLOOKUP(C10,'AC Pivot'!$Q:$AD,14,0) -> 16 | R10: =E10-Q10 -> 0
B11: Hooghly Total | D11: =SUM(D9:D10) -> 28 | E11: =SUM(E9:E10) -> 22 | F11: =SUM(F9:F10) -> 6 | G11: =SUM(G9:G10) -> 132 | H11: =SUM(H9:H10) -> 14 | I11: =SUM(I9:I10) -> 8 | J11: =SUM(J9:J10) -> 260 | K11: =SUM(K9:K10) -> 14 | ... R11: =SUM(R9:R10) -> 1
B12: Siliguri | C12: Avi Sk | D12: =VLOOKUP(C12,Code!$A:$E,4,0) -> 3 | E12: =VLOOKUP(C12,Code!$A:$E,2,0) -> 3 | F12: =VLOOKUP(C12,Code!$A:$E,3,0) -> 0 | G12: =VLOOKUP(C12,'APY Pivot'!$A:$O,15,0) -> 7 | H12: =VLOOKUP(C12,'APY Pivot'!$Q:$AD,14,0) -> 1 | I12: =E12-H12 -> 2 | J12: =VLOOKUP(C12,'JJBY Pivot'!$A:$O,15,0) -> 11 | K12: =VLOOKUP(C12,'JJBY Pivot'!$Q:$AD,14,0) -> 2 | L12: =E12-K12 -> 1 | M12: =VLOOKUP(C12,'SBY Pivot'!$A:$O,15,0) -> 72 | N12: =VLOOKUP(C12,'SBY Pivot'!$Q:$AD,14,0) -> 3 | O12: =E12-N12 -> 0 | P12: =VLOOKUP(C12,'AC Pivot'!$A:$O,15,0) -> 95 | Q12: =VLOOKUP(C12,'AC Pivot'!$Q:$AD,14,0) -> 3 | R12: =E12-Q12 -> 0
C13: Manindra Nath Barman | D13: =VLOOKUP(C13,Code!$A:$E,4,0) -> 8 | E13: =VLOOKUP(C13,Code!$A:$E,2,0) -> 4 | F13: =VLOOKUP(C13,Code!$A:$E,3,0) -> 4 | G13: =VLOOKUP(C13,'APY Pivot'!$A:$O,15,0) -> 21 | H13: =VLOOKUP(C13,'APY Pivot'!$Q:$AD,14,0) -> 4 | I13: =E13-H13 -> 0 | J13: =VLOOKUP(C13,'JJBY Pivot'!$A:$O,15,0) -> 50 | K13: =VLOOKUP(C13,'JJBY Pivot'!$Q:$AD,14,0) -> 4 | L13: =E13-K13 -> 0 | M13: =VLOOKUP(C13,'SBY Pivot'!$A:$O,15,0) -> 318 | N13: =VLOOKUP(C13,'SBY Pivot'!$Q:$AD,14,0) -> 6 | O13: =E13-N13 -> -2 | P13: =VLOOKUP(C13,'AC Pivot'!$A:$O,15,0) -> 394 | Q13: =VLOOKUP(C13,'AC Pivot'!$Q:$AD,14,0) -> 7 | R13: =E13-Q13 -> -3
C14: Pijush Singha | D14: =VLOOKUP(C14,Code!$A:$E,4,0) -> 2 | E14: =VLOOKUP(C14,Code!$A:$E,2,0) -> 2 | F14: =VLOOKUP(C14,Code!$A:$E,3,0) -> 0 | G14: =VLOOKUP(C14,'APY Pivot'!$A:$O,15,0) -> 1 | H14: =VLOOKUP(C14,'APY Pivot'!$Q:$AD,14,0) -> 1 | I14: =E14-H14 -> 1 | J14: =VLOOKUP(C14,'JJBY Pivot'!$A:$O,15,0) -> 12 | K14: =VLOOKUP(C14,'JJBY Pivot'!$Q:$AD,14,0) -> 1 | L14: =E14-K14 -> 1 | M14: =VLOOKUP(C14,'SBY Pivot'!$A:$O,15,0) -> 155 | N14: =VLOOKUP(C14,'SBY Pivot'!$Q:$AD,14,0) -> 2 | O14: =E14-N14 -> 0 | P14: =VLOOKUP(C14,'AC Pivot'!$A:$O,15,0) -> 188 | Q14: =VLOOKUP(C14,'AC Pivot'!$Q:$AD,14,0) -> 2 | R14: =E14-Q14 -> 0
C15: Rajiul Momin | D15: =VLOOKUP(C15,Code!$A:$E,4,0) -> 2 | E15: =VLOOKUP(C15,Code!$A:$E,2,0) -> 2 | F15: =VLOOKUP(C15,Code!$A:$E,3,0) -> 0 | G15: =VLOOKUP(C15,'APY Pivot'!$A:$O,15,0) -> 32 | H15: =VLOOKUP(C15,'APY Pivot'!$Q:$AD,14,0) -> 2 | I15: =E15-H15 -> 0 | J15: =VLOOKUP(C15,'JJBY Pivot'!$A:$O,15,0) -> 17 | K15: =VLOOKUP(C15,'JJBY Pivot'!$Q:$AD,14,0) -> 2 | L15: =E15-K15 -> 0 | M15: =VLOOKUP(C15,'SBY Pivot'!$A:$O,15,0) -> 91 | N15: =VLOOKUP(C15,'SBY Pivot'!$Q:$AD,14,0) -> 2 | O15: =E15-N15 -> 0 | P15: =VLOOKUP(C15,'AC Pivot'!$A:$O,15,0) -> 149 | Q15: =VLOOKUP(C15,'AC Pivot'!$Q:$AD,14,0) -> 2 | R15: =E15-Q15 -> 0
C16: Sanjoy Paul | D16: =VLOOKUP(C16,Code!$A:$E,4,0) -> 1 | E16: =VLOOKUP(C16,Code!$A:$E,2,0) -> 1 | F16: =VLOOKUP(C16,Code!$A:$E,3,0) -> 0 | G16: =VLOOKUP(C16,'APY Pivot'!$A:$O,15,0) -> 9 | H16: =VLOOKUP(C16,'APY Pivot'!$Q:$AD,14,0) -> 1 | I16: =E16-H16 -> 0 | J16: =VLOOKUP(C16,'JJBY Pivot'!$A:$O,15,0) -> 11 | K16: =VLOOKUP(C16,'JJBY Pivot'!$Q:$AD,14,0) -> 1 | L16: =E16-K16 -> 0 | M16: =VLOOKUP(C16,'SBY Pivot'!$A:$O,15,0) -> 54 | N16: =VLOOKUP(C16,'SBY Pivot'!$Q:$AD,14,0) -> 1 | O16: =E16-N16 -> 0 | P16: =VLOOKUP(C16,'AC Pivot'!$A:$O,15,0) -> 76 | Q16: =VLOOKUP(C16,'AC Pivot'!$Q:$AD,14,0) -> 1 | R16: =E16-Q16 -> 0
C17: Shyamalesh Sarkar | D17: =VLOOKUP(C17,Code!$A:$E,4,0) -> 3 | E17: =VLOOKUP(C17,Code!$A:$E,2,0) -> 3 | F17: =VLOOKUP(C17,Code!$A:$E,3,0) -> 0 | G17: =VLOOKUP(C17,'APY Pivot'!$A:$O,15,0) -> 25 | H17: =VLOOKUP(C17,'APY Pivot'!$Q:$AD,14,0) -> 3 | I17: =E17-H17 -> 0 | J17: =VLOOKUP(C17,'JJBY Pivot'!$A:$O,15,0) -> 22 | K17: =VLOOKUP(C17,'JJBY Pivot'!$Q:$AD,14,0) -> 3 | L17: =E17-K17 -> 0 | M17: =VLOOKUP(C17,'SBY Pivot'!$A:$O,15,0) -> 221 | N17: =VLOOKUP(C17,'SBY Pivot'!$Q:$AD,14,0) -> 3 | O17: =E17-N17 -> 0 | P17: =VLOOKUP(C17,'AC Pivot'!$A:$O,15,0) -> 472 | Q17: =VLOOKUP(C17,'AC Pivot'!$Q:$AD,14,0) -> 3 | R17: =E17-Q17 -> 0
C18: Under Office (Birbhum) | D18: =VLOOKUP(C18,Code!$A:$E,4,0) -> 10 | E18: =VLOOKUP(C18,Code!$A:$E,2,0) -> 6 | F18: =VLOOKUP(C18,Code!$A:$E,3,0) -> 4 | G18: =VLOOKUP(C18,'APY Pivot'!$A:$O,15,0) -> 22 | H18: =VLOOKUP(C18,'APY Pivot'!$Q:$AD,14,0) -> 5 | I18: =E18-H18 -> 1 | J18: =VLOOKUP(C18,'JJBY Pivot'!$A:$O,15,0) -> 36 | K18: =VLOOKUP(C18,'JJBY Pivot'!$Q:$AD,14,0) -> 5 | L18: =E18-K18 -> 1 | M18: =VLOOKUP(C18,'SBY Pivot'!$A:$O,15,0) -> 184 | N18: =VLOOKUP(C18,'SBY Pivot'!$Q:$AD,14,0) -> 6 | O18: =E18-N18 -> 0 | P18: =VLOOKUP(C18,'AC Pivot'!$A:$O,15,0) -> 397 | Q18: =VLOOKUP(C18,'AC Pivot'!$Q:$AD,14,0) -> 7 | R18: =E18-Q18 -> -1
B19: Siliguri Total | D19: =SUM(D12:D18) -> 29 | E19: =SUM(E12:E18) -> 21 | F19: =SUM(F12:F18) -> 8 | G19: =SUM(G12:G18) -> 117 | H19: =SUM(H12:H18) -> 17 | I19: =SUM(I12:I18) -> 4 | J19: =SUM(J12:J18) -> 159 | K19: =SUM(K12:K18) -> 18 | ... R19: =SUM(R12:R18) -> -4
B20: Grand Total | D20: =SUM(D19,D11,D8) -> 83 | E20: =SUM(E19,E11,E8) -> 59 | F20: =SUM(F19,F11,F8) -> 24 | G20: =SUM(G19,G11,G8) -> 365 | H20: =SUM(H19,H11,H8) -> 44 | I20: =SUM(I19,I11,I8) -> 15 | J20: =SUM(J19,J11,J8) -> 827 | K20: =SUM(K19,K11,K8) -> 46 | ... R20: =SUM(R19,R11,R8) -> -10

Sheet Z AC
A3: Row Labels | B3: Sum of Apr-26 | C3: Sum of May-26 | D3: Sum of Jun-26 | E3: Sum of Jul-26 | F3: Sum of Aug-26 | G3: Sum of Sep-26 | H3: Sum of Oct-26 | I3: Sum of Nov-26 | J3: Sum of Dec-26 | K3: Sum of Jan-27 | L3: Sum of Feb-27 | M3: Sum of Mar-27 | N3: Sum of Total AC
A4: Durgapur | B4: 186 | C4: 577 | D4: 296 | E4: 426 | F4: 265 | G4: 44 | N4: 1794
A5: Hooghly | B5: 188 | C5: 522 | D5: 455 | E5: 463 | F5: 347 | G5: 48 | N5: 2023
A6: Siliguri | B6: 213 | C6: 333 | D6: 380 | E6: 451 | F6: 323 | G6: 71 | N6: 1771
A7: Saltlake | G7: 1 | N7: 1
A8: Grand Total | B8: 587 | C8: 1432 | D8: 1131 | E8: 1340 | F8: 935 | G8: 164 | N8: 5589

Sheet AC
A1: DC Name | B1: Status | C1: ZO Name | D1: Branch Name | E1: CSP Name | F1: Device ID | G1: KO Code | H1: Month | I1: Target | J1: 46113 | K1: 46143 | L1: 46174 | M1: 46204 | N1: 46235 | O1: 46266 | P1: 46296 | Q1: 46327 | R1: 46357 | S1: 46388 | T1: 46419 | U1: 46447 | V1: Total AC | W1: Average
A2: =VLOOKUP(G2,Data!$A:$G,2,0) -> Sunil Biswas | B2: =VLOOKUP(G2,Data!$A:$G,3,0) -> Active | C2: =VLOOKUP(G2,Data!$A:$G,4,0) -> Durgapur | D2: =VLOOKUP(G2,Data!$A:$G,5,0) -> Haringhata | E2: =VLOOKUP(G2,Data!$A:$G,6,0) -> Eyakub Mondal | F2: =VLOOKUP(G2,Data!$A:$G,7,0) -> 2430315345 | G2: 28085 | H2: =VLOOKUP(G2,'FI txn'!$G:$H,2,0) -> 6 | I2: =H2*30 -> 180 | J2: 18 | K2: 170 | L2: 28 | M2: 66 | N2: 22 | O2: 2 | V2: =SUM(J2:U2) -> 306 | W2: =V2/H2 -> 51
A3: =VLOOKUP(G3,Data!$A:$G,2,0) -> Chandi Charan Mahato | B3: =VLOOKUP(G3,Data!$A:$G,3,0) -> Active | C3: =VLOOKUP(G3,Data!$A:$G,4,0) -> Durgapur | D3: =VLOOKUP(G3,Data!$A:$G,5,0) -> Anara | E3: =VLOOKUP(G3,Data!$A:$G,6,0) -> Biswajit Majee | F3: =VLOOKUP(G3,Data!$A:$G,7,0) -> 2460314961 | G3: 27219 | H3: =VLOOKUP(G3,'FI txn'!$G:$H,2,0) -> 6 | I3: =H3*30 -> 180 | J3: 54 | K3: 96 | L3: 45 | M3: 44 | N3: 45 | O3: 6 | V3: =SUM(J3:U3) -> 290 | W3: =V3/H3 -> 48.333333
A4: =VLOOKUP(G4,Data!$A:$G,2,0) -> Shyamalesh Sarkar | B4: =VLOOKUP(G4,Data!$A:$G,3,0) -> Active | C4: =VLOOKUP(G4,Data!$A:$G,4,0) -> Siliguri | D4: =VLOOKUP(G4,Data!$A:$G,5,0) -> Sagardighi Square | E4: =VLOOKUP(G4,Data!$A:$G,6,0) -> Rajani Roy | F4: =VLOOKUP(G4,Data!$A:$G,7,0) -> 2200310076 | G4: 20502 | H4: =VLOOKUP(G4,'FI txn'!$G:$H,2,0) -> 6 | I4: =H4*30 -> 180 | J4: 37 | K4: 47 | L4: 57 | M4: 99 | N4: 36 | O4: 4 | V4: =SUM(J4:U4) -> 280 | W4: =V4/H4 -> 46.666667
A5: =VLOOKUP(G5,Data!$A:$G,2,0) -> Sunil Biswas | B5: =VLOOKUP(G5,Data!$A:$G,3,0) -> Active | C5: =VLOOKUP(G5,Data!$A:$G,4,0) -> Durgapur | D5: =VLOOKUP(G5,Data!$A:$G,5,0) -> Hridaypur | E5: =VLOOKUP(G5,Data!$A:$G,6,0) -> Injamul Rahaman | F5: =VLOOKUP(G5,Data!$A:$G,7,0) -> 2430314512 | G5: 26588 | H5: =VLOOKUP(G5,'FI txn'!$G:$H,2,0) -> 6 | I5: =H5*30 -> 180 | J5: 24 | K5: 90 | L5: 34 | M5: 55 | N5: 32 | O5: 3 | V5: =SUM(J5:U5) -> 238 | W5: =V5/H5 -> 39.666667
A6: =VLOOKUP(G6,Data!$A:$G,2,0) -> Manindra Nath Barman | B6: =VLOOKUP(G6,Data!$A:$G,3,0) -> Active | C6: =VLOOKUP(G6,Data!$A:$G,4,0) -> Siliguri | D6: =VLOOKUP(G6,Data!$A:$G,5,0) -> Damanpur | E6: =VLOOKUP(G6,Data!$A:$G,6,0) -> Biplab Barman | F6: =VLOOKUP(G6,Data!$A:$G,7,0) -> 9490310566 | G6: 21091 | H6: =VLOOKUP(G6,'FI txn'!$G:$H,2,0) -> 6 | I6: =H6*30 -> 180 | J6: 25 | K6: 37 | L6: 35 | M6: 47 | N6: 28 | O6: 2 | V6: =SUM(J6:U6) -> 174 | W6: =V6/H6 -> 29
A7: =VLOOKUP(G7,Data!$A:$G,2,0) -> Souvik Maity | B7: =VLOOKUP(G7,Data!$A:$G,3,0) -> Active | C7: =VLOOKUP(G7,Data!$A:$G,4,0) -> Hooghly | D7: =VLOOKUP(G7,Data!$A:$G,5,0) -> Rajhati | E7: =VLOOKUP(G7,Data!$A:$G,6,0) -> Arnnapurna Maji | F7: =VLOOKUP(G7,Data!$A:$G,7,0) -> 3390311610 | G7: 22346 | H7: =VLOOKUP(G7,'FI txn'!$G:$H,2,0) -> 6 | I7: =H7*30 -> 180 | J7: 13 | K7: 65 | L7: 28 | M7: 38 | N7: 28 | O7: 1 | V7: =SUM(J7:U7) -> 173 | W7: =V7/H7 -> 28.833333
A8: =VLOOKUP(G8,Data!$A:$G,2,0) -> Pijush Singha | B8: =VLOOKUP(G8,Data!$A:$G,3,0) -> Active | C8: =VLOOKUP(G8,Data!$A:$G,4,0) -> Siliguri | D8: =VLOOKUP(G8,Data!$A:$G,5,0) -> Dhuliyan | E8: =VLOOKUP(G8,Data!$A:$G,6,0) -> Md Asraful Hoque | F8: =VLOOKUP(G8,Data!$A:$G,7,0) -> 2410313985 | G8: 25557 | H8: =VLOOKUP(G8,'FI txn'!$G:$H,2,0) -> 6 | I8: =H8*30 -> 180 | J8: 23 | K8: 43 | L8: 18 | M8: 34 | N8: 27 | O8: 8 | V8: =SUM(J8:U8) -> 153 | W8: =V8/H8 -> 25.5
A9: =VLOOKUP(G9,Data!$A:$G,2,0) -> Under Office (W Medinipur) | B9: =VLOOKUP(G9,Data!$A:$G,3,0) -> Active | C9: =VLOOKUP(G9,Data!$A:$G,4,0) -> Hooghly | D9: =VLOOKUP(G9,Data!$A:$G,5,0) -> Jhargram | E9: =VLOOKUP(G9,Data!$A:$G,6,0) -> Sk Imran | F9: =VLOOKUP(G9,Data!$A:$G,7,0) -> 2390311695 | G9: 22452 | H9: =VLOOKUP(G9,'FI txn'!$G:$H,2,0) -> 6 | I9: =H9*30 -> 180 | J9: 12 | K9: 38 | L9: 38 | M9: 24 | N9: 21 | O9: 6 | V9: =SUM(J9:U9) -> 139 | W9: =V9/H9 -> 23.166667
A10: =VLOOKUP(G10,Data!$A:$G,2,0) -> Sunil Biswas | B10: =VLOOKUP(G10,Data!$A:$G,3,0) -> Active | C10: =VLOOKUP(G10,Data!$A:$G,4,0) -> Durgapur | D10: =VLOOKUP(G10,Data!$A:$G,5,0) -> Santipur | E10: =VLOOKUP(G10,Data!$A:$G,6,0) -> Sahabul Mandal | F10: =VLOOKUP(G10,Data!$A:$G,7,0) -> 2430315156 | G10: 27630 | H10: =VLOOKUP(G10,'FI txn'!$G:$H,2,0) -> 6 | I10: =H10*30 -> 180 | J10: 12 | K10: 23 | L10: 28 | M10: 53 | N10: 17 | O10: 4 | V10: =SUM(J10:U10) -> 137 | W10: =V10/H10 -> 22.833333
A11: =VLOOKUP(G11,Data!$A:$G,2,0) -> Under Office (W Medinipur) | B11: =VLOOKUP(G11,Data!$A:$G,3,0) -> Active | C11: =VLOOKUP(G11,Data!$A:$G,4,0) -> Hooghly | D11: =VLOOKUP(G11,Data!$A:$G,5,0) -> Binpur | E11: =VLOOKUP(G11,Data!$A:$G,6,0) -> Debika Singha Patra | F11: =VLOOKUP(G11,Data!$A:$G,7,0) -> 2390311962 | G11: 22789 | H11: =VLOOKUP(G11,'FI txn'!$G:$H,2,0) -> 6 | I11: =H11*30 -> 180 | J11: 4 | K11: 18 | L11: 33 | M11: 38 | N11: 35 | O11: 8 | V11: =SUM(J11:U11) -> 136 | W11: =V11/H11 -> 22.666667
A12: =VLOOKUP(G12,Data!$A:$G,2,0) -> Souvik Maity | B12: =VLOOKUP(G12,Data!$A:$G,3,0) -> Active | C12: =VLOOKUP(G12,Data!$A:$G,4,0) -> Hooghly | D12: =VLOOKUP(G12,Data!$A:$G,5,0) -> Rajhati | E12: =VLOOKUP(G12,Data!$A:$G,6,0) -> Santanu Ghosh | F12: =VLOOKUP(G12,Data!$A:$G,7,0) -> 3390314383 | G12: 26399 | H12: =VLOOKUP(G12,'FI txn'!$G:$H,2,0) -> 6 | I12: =H12*30 -> 180 | J12: 12 | K12: 36 | L12: 29 | M12: 33 | N12: 21 | O12: 4 | V12: =SUM(J12:U12) -> 135 | W12: =V12/H12 -> 22.5
A13: =VLOOKUP(G13,Data!$A:$G,2,0) -> Souvik Maity | B13: =VLOOKUP(G13,Data!$A:$G,3,0) -> Active | C13: =VLOOKUP(G13,Data!$A:$G,4,0) -> Hooghly | D13: =VLOOKUP(G13,Data!$A:$G,5,0) -> Jirat | E13: =VLOOKUP(G13,Data!$A:$G,6,0) -> Sahadeb Chakraborty | F13: =VLOOKUP(G13,Data!$A:$G,7,0) -> 3390314204 | G13: 26084 | H13: =VLOOKUP(G13,'FI txn'!$G:$H,2,0) -> 6 | I13: =H13*30 -> 180 | J13: 8 | K13: 36 | L13: 35 | M13: 23 | N13: 22 | O13: 5 | V13: =SUM(J13:U13) -> 129 | W13: =V13/H13 -> 21.5
... A19: =VLOOKUP(G19,Data!$A:$G,2,0) -> Under Office (Birbhum) | B19: =VLOOKUP(G19,Data!$A:$G,3,0) -> Active | C19: =VLOOKUP(G19,Data!$A:$G,4,0) -> Siliguri | D19: =VLOOKUP(G19,Data!$A:$G,5,0) -> Paikar | E19: =VLOOKUP(G19,Data!$A:$G,6,0) -> Saheb Sk | F19: =VLOOKUP(G19,Data!$A:$G,7,0) -> 0140311324 | G19: 21999 | H19: =VLOOKUP(G19,'FI txn'!$G:$H,2,0) -> 6 | I19: =H19*30 -> 180 | J19: 26 | K19: 20 | L19: 16 | M19: 19 | N19: 18 | O19: 4 | V19: =SUM(J19:U19) -> 103 | W19: =V19/H19 -> 17.166667
A20: =VLOOKUP(G20,Data!$A:$G,2,0) -> Souvik Maity | B20: =VLOOKUP(G20,Data!$A:$G,3,0) -> Active | C20: =VLOOKUP(G20,Data!$A:$G,4,0) -> Hooghly | D20: =VLOOKUP(G20,Data!$A:$G,5,0) -> Rajbalhat | E20: =VLOOKUP(G20,Data!$A:$G,6,0) -> Dibyendu Bhowmick | F20: =VLOOKUP(G20,Data!$A:$G,7,0) -> 3390314186 | G20: 26015 | H20: =VLOOKUP(G20,'FI txn'!$G:$H,2,0) -> 6 | I20: =H20*30 -> 180 | J20: 7 | K20: 14 | L20: 35 | M20: 19 | N20: 18 | V20: =SUM(J20:U20) -> 93 | W20: =V20/H20 -> 15.5
A21: =VLOOKUP(G21,Data!$A:$G,2,0) -> Under Office (W Medinipur) | B21: =VLOOKUP(G21,Data!$A:$G,3,0) -> Active | C21: =VLOOKUP(G21,Data!$A:$G,4,0) -> Hooghly | D21: =VLOOKUP(G21,Data!$A:$G,5,0) -> Kankabati | E21: =VLOOKUP(G21,Data!$A:$G,6,0) -> Mita Samanta | F21: =VLOOKUP(G21,Data!$A:$G,7,0) -> 2390311663 | G21: 22401 | H21: =VLOOKUP(G21,'FI txn'!$G:$H,2,0) -> 6 | I21: =H21*30 -> 180 | K21: 77 | L21: 12 | N21: 3 | V21: =SUM(J21:U21) -> 92 | W21: =V21/H21 -> 15.333333
A22: =VLOOKUP(G22,Data!$A:$G,2,0) -> Chandi Charan Mahato | B22: =VLOOKUP(G22,Data!$A:$G,3,0) -> Active | C22: =VLOOKUP(G22,Data!$A:$G,4,0) -> Durgapur | D22: =VLOOKUP(G22,Data!$A:$G,5,0) -> Jhantipahari | E22: =VLOOKUP(G22,Data!$A:$G,6,0) -> Asish Kumar Mandal | F22: =VLOOKUP(G22,Data!$A:$G,7,0) -> 2160314962 | G22: 27220 | H22: =VLOOKUP(G22,'FI txn'!$G:$H,2,0) -> 6 | I22: =H22*30 -> 180 | J22: 16 | K22: 25 | L22: 11 | M22: 15 | N22: 19 | O22: 3 | V22: =SUM(J22:U22) -> 89 | W22: =V22/H22 -> 14.833333
A23: =VLOOKUP(G23,Data!$A:$G,2,0) -> Under Office (W Medinipur) | B23: =VLOOKUP(G23,Data!$A:$G,3,0) -> Active | C23: =VLOOKUP(G23,Data!$A:$G,4,0) -> Hooghly | D23: =VLOOKUP(G23,Data!$A:$G,5,0) -> Khirpai | E23: =VLOOKUP(G23,Data!$A:$G,6,0) -> Sk Abbas Ali | F23: =VLOOKUP(G23,Data!$A:$G,7,0) -> 2390311378 | G23: 22073 | H23: =VLOOKUP(G23,'FI txn'!$G:$H,2,0) -> 6 | I23: =H23*30 -> 180 | J23: 9 | K23: 26 | L23: 15 | M23: 22 | N23: 14 | O23: 1 | V23: =SUM(J23:U23) -> 87 | W23: =V23/H23 -> 14.5
A24: =VLOOKUP(G24,Data!$A:$G,2,0) -> Rajiul Momin | B24: =VLOOKUP(G24,Data!$A:$G,3,0) -> Active | C24: =VLOOKUP(G24,Data!$A:$G,4,0) -> Siliguri | D24: =VLOOKUP(G24,Data!$A:$G,5,0) -> Kaluari | E24: =VLOOKUP(G24,Data!$A:$G,6,0) -> Masidur Rahaman | F24: =VLOOKUP(G24,Data!$A:$G,7,0) -> 2370310973 | G24: 21583 | H24: =VLOOKUP(G24,'FI txn'!$G:$H,2,0) -> 6 | I24: =H24*30 -> 180 | J24: 7 | K24: 21 | L24: 20 | M24: 16 | N24: 15 | O24: 6 | V24: =SUM(J24:U24) -> 85 | W24: =V24/H24 -> 14.166667
A25: =VLOOKUP(G25,Data!$A:$G,2,0) -> Sunil Biswas | B25: =VLOOKUP(G25,Data!$A:$G,3,0) -> Active | C25: =VLOOKUP(G25,Data!$A:$G,4,0) -> Durgapur | D25: =VLOOKUP(G25,Data!$A:$G,5,0) -> Hridaypur | E25: =VLOOKUP(G25,Data!$A:$G,6,0) -> Suman Ghosh | F25: =VLOOKUP(G25,Data!$A:$G,7,0) -> 8116659114 | G25: 29525 | H25: =VLOOKUP(G25,'FI txn'!$G:$H,2,0) -> 4 | I25: =H25*30 -> 120 | L25: 22 | M25: 48 | N25: 13 | O25: 2 | V25: =SUM(J25:U25) -> 85 | W25: =V25/H25 -> 21.25
A26: =VLOOKUP(G26,Data!$A:$G,2,0) -> Souvik Maity | B26: =VLOOKUP(G26,Data!$A:$G,3,0) -> Active | C26: =VLOOKUP(G26,Data!$A:$G,4,0) -> Hooghly | D26: =VLOOKUP(G26,Data!$A:$G,5,0) -> Sahapur | E26: =VLOOKUP(G26,Data!$A:$G,6,0) -> Bishal Maity | F26: =VLOOKUP(G26,Data!$A:$G,7,0) -> 3390312548 | G26: 23565 | H26: =VLOOKUP(G26,'FI txn'!$G:$H,2,0) -> 6 | I26: =H26*30 -> 180 | J26: 4 | K26: 11 | L26: 26 | M26: 18 | N26: 17 | O26: 4 | V26: =SUM(J26:U26) -> 80 | W26: =V26/H26 -> 13.333333
A27: =VLOOKUP(G27,Data!$A:$G,2,0) -> Sanjoy Paul | B27: =VLOOKUP(G27,Data!$A:$G,3,0) -> Active | C27: =VLOOKUP(G27,Data!$A:$G,4,0) -> Siliguri | D27: =VLOOKUP(G27,Data!$A:$G,5,0) -> Raiganj | E27: =VLOOKUP(G27,Data!$A:$G,6,0) -> Joydev Das | F27: =VLOOKUP(G27,Data!$A:$G,7,0) -> 2560315042 | G27: 27372 | H27: =VLOOKUP(G27,'FI txn'!$G:$H,2,0) -> 6 | I27: =H27*30 -> 180 | J27: 13 | K27: 20 | L27: 9 | M27: 19 | N27: 14 | O27: 1 | V27: =SUM(J27:U27) -> 76 | W27: =V27/H27 -> 12.666667
A28: =VLOOKUP(G28,Data!$A:$G,2,0) -> Sunil Biswas | B28: =VLOOKUP(G28,Data!$A:$G,3,0) -> Active | C28: =VLOOKUP(G28,Data!$A:$G,4,0) -> Durgapur | D28: =VLOOKUP(G28,Data!$A:$G,5,0) -> Hidaypur | E28: =VLOOKUP(G28,Data!$A:$G,6,0) -> Akramul Shaikh | F28: =VLOOKUP(G28,Data!$A:$G,7,0) -> 2430315571 | G28: 28485 | H28: =VLOOKUP(G28,'FI txn'!$G:$H,2,0) -> 6 | I28: =H28*30 -> 180 | J28: 4 | K28: 29 | L28: 9 | M28: 22 | N28: 9 | V28: =SUM(J28:U28) -> 73 | W28: =V28/H28 -> 12.166667
A29: =VLOOKUP(G29,Data!$A:$G,2,0) -> Santanu Bera | B29: =VLOOKUP(G29,Data!$A:$G,3,0) -> Active | C29: =VLOOKUP(G29,Data!$A:$G,4,0) -> Hooghly | D29: =VLOOKUP(G29,Data!$A:$G,5,0) -> Panskura | E29: =VLOOKUP(G29,Data!$A:$G,6,0) -> Kartik Maity | F29: =VLOOKUP(G29,Data!$A:$G,7,0) -> 2380311666 | G29: 22404 | H29: =VLOOKUP(G29,'FI txn'!$G:$H,2,0) -> 6 | I29: =H29*30 -> 180 | J29: 7 | K29: 15 | L29: 12 | M29: 23 | N29: 7 | O29: 1 | V29: =SUM(J29:U29) -> 65 | W29: =V29/H29 -> 10.833333
A30: =VLOOKUP(G30,Data!$A:$G,2,0) -> Shyamalesh Sarkar | B30: =VLOOKUP(G30,Data!$A:$G,3,0) -> Active | C30: =VLOOKUP(G30,Data!$A:$G,4,0) -> Siliguri | D30: =VLOOKUP(G30,Data!$A:$G,5,0) -> Sagardighi Square | E30: =VLOOKUP(G30,Data!$A:$G,6,0) -> Khurshid Alom | F30: =VLOOKUP(G30,Data!$A:$G,7,0) -> 2200311941 | G30: 22768 | H30: =VLOOKUP(G30,'FI txn'!$G:$H,2,0) -> 6 | I30: =H30*30 -> 180 | J30: 6 | K30: 4 | L30: 17 | M30: 19 | N30: 17 | O30: 1 | V30: =SUM(J30:U30) -> 64 | W30: =V30/H30 -> 10.666667
A31: =VLOOKUP(G31,Data!$A:$G,2,0) -> Sunil Biswas | B31: =VLOOKUP(G31,Data!$A:$G,3,0) -> Active | C31: =VLOOKUP(G31,Data!$A:$G,4,0) -> Durgapur | D31: =VLOOKUP(G31,Data!$A:$G,5,0) -> Santipur | E31: =VLOOKUP(G31,Data!$A:$G,6,0) -> Najmira Khatun | F31: =VLOOKUP(G31,Data!$A:$G,7,0) -> 2430315335 | G31: 28075 | H31: =VLOOKUP(G31,'FI txn'!$G:$H,2,0) -> 6 | I31: =H31*30 -> 180 | J31: 7 | K31: 12 | L31: 9 | M31: 22 | N31: 10 | O31: 4 | V31: =SUM(J31:U31) -> 64 | W31: =V31/H31 -> 10.666667
A32: =VLOOKUP(G32,Data!$A:$G,2,0) -> Rajiul Momin | B32: =VLOOKUP(G32,Data!$A:$G,3,0) -> Active | C32: =VLOOKUP(G32,Data!$A:$G,4,0) -> Siliguri | D32: =VLOOKUP(G32,Data!$A:$G,5,0) -> Inyathpur | E32: =VLOOKUP(G32,Data!$A:$G,6,0) -> Tumpa Poddar | F32: =VLOOKUP(G32,Data!$A:$G,7,0) -> 2370312246 | G32: 23178 | H32: =VLOOKUP(G32,'FI txn'!$G:$H,2,0) -> 6 | I32: =H32*30 -> 180 | J32: 11 | K32: 14 | L32: 11 | M32: 18 | N32: 6 | O32: 4 | V32: =SUM(J32:U32) -> 64 | W32: =V32/H32 -> 10.666667
A33: =VLOOKUP(G33,Data!$A:$G,2,0) -> Chandi Charan Mahato | B33: =VLOOKUP(G33,Data!$A:$G,3,0) -> Active | C33: =VLOOKUP(G33,Data!$A:$G,4,0) -> Durgapur | D33: =VLOOKUP(G33,Data!$A:$G,5,0) -> Patrasayer | E33: =VLOOKUP(G33,Data!$A:$G,6,0) -> Satish Ankure | F33: =VLOOKUP(G33,Data!$A:$G,7,0) -> 2160314679 | G33: 26810 | H33: =VLOOKUP(G33,'FI txn'!$G:$H,2,0) -> 6 | I33: =H33*30 -> 180 | J33: 6 | K33: 6 | L33: 5 | M33: 25 | N33: 21 | V33: =SUM(J33:U33) -> 63 | W33: =V33/H33 -> 10.5
A34: =VLOOKUP(G34,Data!$A:$G,2,0) -> Rajendra Kumar Bapari | B34: =VLOOKUP(G34,Data!$A:$G,3,0) -> Active | C34: =VLOOKUP(G34,Data!$A:$G,4,0) -> Durgapur | D34: =VLOOKUP(G34,Data!$A:$G,5,0) -> Kushodanga | E34: =VLOOKUP(G34,Data!$A:$G,6,0) -> Priti Das | F34: =VLOOKUP(G34,Data!$A:$G,7,0) -> 3390315408 | G34: 28176 | H34: =VLOOKUP(G34,'FI txn'!$G:$H,2,0) -> 6 | I34: =H34*30 -> 180 | J34: 5 | K34: 5 | L34: 9 | M34: 20 | N34: 17 | O34: 7 | V34: =SUM(J34:U34) -> 63 | W34: =V34/H34 -> 10.5
A35: =VLOOKUP(G35,Data!$A:$G,2,0) -> Under Office (W Medinipur) | B35: =VLOOKUP(G35,Data!$A:$G,3,0) -> Active | C35: =VLOOKUP(G35,Data!$A:$G,4,0) -> Hooghly | D35: =VLOOKUP(G35,Data!$A:$G,5,0) -> Ghatal | E35: =VLOOKUP(G35,Data!$A:$G,6,0) -> Chandan Satik | F35: =VLOOKUP(G35,Data!$A:$G,7,0) -> 2390311662 | G35: 22400 | H35: =VLOOKUP(G35,'FI txn'!$G:$H,2,0) -> 6 | I35: =H35*30 -> 180 | J35: 4 | K35: 4 | L35: 18 | M35: 20 | N35: 13 | O35: 1 | V35: =SUM(J35:U35) -> 60 | W35: =V35/H35 -> 10
A36: =VLOOKUP(G36,Data!$A:$G,2,0) -> Souvik Maity | B36: =VLOOKUP(G36,Data!$A:$G,3,0) -> Active | C36: =VLOOKUP(G36,Data!$A:$G,4,0) -> Hooghly | D36: =VLOOKUP(G36,Data!$A:$G,5,0) -> Kamarpara | E36: =VLOOKUP(G36,Data!$A:$G,6,0) -> Md Mustakim | F36: =VLOOKUP(G36,Data!$A:$G,7,0) -> 3390312441 | G36: 23433 | H36: =VLOOKUP(G36,'FI txn'!$G:$H,2,0) -> 6 | I36: =H36*30 -> 180 | J36: 7 | K36: 14 | L36: 18 | M36: 15 | N36: 5 | O36: 1 | V36: =SUM(J36:U36) -> 60 | W36: =V36/H36 -> 10
A37: =VLOOKUP(G37,Data!$A:$G,2,0) -> Under Office (Birbhum) | B37: =VLOOKUP(G37,Data!$A:$G,3,0) -> Active | C37: =VLOOKUP(G37,Data!$A:$G,4,0) -> Siliguri | D37: =VLOOKUP(G37,Data!$A:$G,5,0) -> Jajigram | E37: =VLOOKUP(G37,Data!$A:$G,6,0) -> Mosaraf Sk | F37: =VLOOKUP(G37,Data!$A:$G,7,0) -> 0140311323 | G37: 21998 | H37: =VLOOKUP(G37,'FI txn'!$G:$H,2,0) -> 6 | I37: =H37*30 -> 180 | J37: 4 | K37: 2 | L37: 15 | M37: 13 | N37: 15 | O37: 4 | V37: =SUM(J37:U37) -> 53 | W37: =V37/H37 -> 8.8333333
A38: =VLOOKUP(G38,Data!$A:$G,2,0) -> Santanu Bera | B38: =VLOOKUP(G38,Data!$A:$G,3,0) -> Active | C38: =VLOOKUP(G38,Data!$A:$G,4,0) -> Hooghly | D38: =VLOOKUP(G38,Data!$A:$G,5,0) -> Kolaghat (Ktpps) | E38: =VLOOKUP(G38,Data!$A:$G,6,0) -> Sudipta Mandal | F38: =VLOOKUP(G38,Data!$A:$G,7,0) -> 2380315163 | G38: 27637 | H38: =VLOOKUP(G38,'FI txn'!$G:$H,2,0) -> 6 | I38: =H38*30 -> 180 | J38: 3 | K38: 7 | L38: 6 | M38: 24 | N38: 11 | O38: 1 | V38: =SUM(J38:U38) -> 52 | W38: =V38/H38 -> 8.6666667
A39: =VLOOKUP(G39,Data!$A:$G,2,0) -> Under Office (W Medinipur) | B39: =VLOOKUP(G39,Data!$A:$G,3,0) -> Active | C39: =VLOOKUP(G39,Data!$A:$G,4,0) -> Hooghly | D39: =VLOOKUP(G39,Data!$A:$G,5,0) -> Ramjibanpur | E39: =VLOOKUP(G39,Data!$A:$G,6,0) -> Abhijit Modak | F39: =VLOOKUP(G39,Data!$A:$G,7,0) -> 3390311425 | G39: 22131 | H39: =VLOOKUP(G39,'FI txn'!$G:$H,2,0) -> 6 | I39: =H39*30 -> 180 | J39: 5 | K39: 22 | L39: 5 | M39: 11 | N39: 8 | O39: 1 | V39: =SUM(J39:U39) -> 52 | W39: =V39/H39 -> 8.6666667
A40: =VLOOKUP(G40,Data!$A:$G,2,0) -> Sunil Biswas | B40: =VLOOKUP(G40,Data!$A:$G,3,0) -> Inactive | C40: =VLOOKUP(G40,Data!$A:$G,4,0) -> Durgapur | D40: =VLOOKUP(G40,Data!$A:$G,5,0) -> Santipur | E40: =VLOOKUP(G40,Data!$A:$G,6,0) -> Dipanwita Das | F40: =VLOOKUP(G40,Data!$A:$G,7,0) -> 2430315569 | G40: 28483 | H40: =VLOOKUP(G40,'FI txn'!$G:$H,2,0) -> 5 | I40: =H40*30 -> 150 | J40: 2 | L40: 26 | M40: 8 | N40: 11 | O40: 3 | V40: =SUM(J40:U40) -> 50 | W40: =V40/H40 -> 10
A41: =VLOOKUP(G41,Data!$A:$G,2,0) -> Souvik Maity | B41: =VLOOKUP(G41,Data!$A:$G,3,0) -> Active | C41: =VLOOKUP(G41,Data!$A:$G,4,0) -> Hooghly | D41: =VLOOKUP(G41,Data!$A:$G,5,0) -> Dhanyaghori | E41: =VLOOKUP(G41,Data!$A:$G,6,0) -> Pratik Chakraborty | F41: =VLOOKUP(G41,Data!$A:$G,7,0) -> 3390311946 | G41: 22773 | H41: =VLOOKUP(G41,'FI txn'!$G:$H,2,0) -> 6 | I41: =H41*30 -> 180 | J41: 4 | K41: 7 | L41: 15 | M41: 17 | N41: 5 | O41: 1 | V41: =SUM(J41:U41) -> 49 | W41: =V41/H41 -> 8.1666667
A42: =VLOOKUP(G42,Data!$A:$G,2,0) -> Under Office (Birbhum) | B42: =VLOOKUP(G42,Data!$A:$G,3,0) -> Active | C42: =VLOOKUP(G42,Data!$A:$G,4,0) -> Siliguri | D42: =VLOOKUP(G42,Data!$A:$G,5,0) -> Mangaldihi | E42: =VLOOKUP(G42,Data!$A:$G,6,0) -> Ruma Bagdi | F42: =VLOOKUP(G42,Data!$A:$G,7,0) -> 0140311670 | G42: 27028 | H42: =VLOOKUP(G42,'FI txn'!$G:$H,2,0) -> 6 | I42: =H42*30 -> 180 | J42: 3 | K42: 5 | L42: 11 | M42: 16 | N42: 10 | O42: 3 | V42: =SUM(J42:U42) -> 48 | W42: =V42/H42 -> 8
A43: =VLOOKUP(G43,Data!$A:$G,2,0) -> Under Office (Birbhum) | B43: =VLOOKUP(G43,Data!$A:$G,3,0) -> Active | C43: =VLOOKUP(G43,Data!$A:$G,4,0) -> Siliguri | D43: =VLOOKUP(G43,Data!$A:$G,5,0) -> Dharampur | E43: =VLOOKUP(G43,Data!$A:$G,6,0) -> Md Zulfikar Ali | F43: =VLOOKUP(G43,Data!$A:$G,7,0) -> 0140315201 | G43: 27792 | H43: =VLOOKUP(G43,'FI txn'!$G:$H,2,0) -> 6 | I43: =H43*30 -> 180 | J43: 2 | K43: 11 | L43: 15 | M43: 12 | N43: 6 | O43: 2 | V43: =SUM(J43:U43) -> 48 | W43: =V43/H43 -> 8
A44: =VLOOKUP(G44,Data!$A:$G,2,0) -> Manindra Nath Barman | B44: =VLOOKUP(G44,Data!$A:$G,3,0) -> Active | C44: =VLOOKUP(G44,Data!$A:$G,4,0) -> Siliguri | D44: =VLOOKUP(G44,Data!$A:$G,5,0) -> Barobisha | E44: =VLOOKUP(G44,Data!$A:$G,6,0) -> Sankar Arya | F44: =VLOOKUP(G44,Data!$A:$G,7,0) -> 2200315639 | G44: 28692 | H44: =VLOOKUP(G44,'FI txn'!$G:$H,2,0) -> 6 | I44: =H44*30 -> 180 | J44: 4 | K44: 4 | L44: 16 | M44: 10 | N44: 12 | O44: 1 | V44: =SUM(J44:U44) -> 47 | W44: =V44/H44 -> 7.8333333
A45: =VLOOKUP(G45,Data!$A:$G,2,0) -> Chandi Charan Mahato | B45: =VLOOKUP(G45,Data!$A:$G,3,0) -> Inactive | C45: =VLOOKUP(G45,Data!$A:$G,4,0) -> Durgapur | D45: =VLOOKUP(G45,Data!$A:$G,5,0) -> Patrasayer | E45: =VLOOKUP(G45,Data!$A:$G,6,0) -> Bula Karmakar | F45: =VLOOKUP(G45,Data!$A:$G,7,0) -> 2160315824 | G45: 29069 | H45: =VLOOKUP(G45,'FI txn'!$G:$H,2,0) -> 5 | I45: =H45*30 -> 150 | J45: 5 | K45: 9 | L45: 20 | M45: 8 | N45: 4 | O45: 1 | V45: =SUM(J45:U45) -> 47 | W45: =V45/H45 -> 9.4
A46: =VLOOKUP(G46,Data!$A:$G,2,0) -> Under Office (W Medinipur) | B46: =VLOOKUP(G46,Data!$A:$G,3,0) -> Active | C46: =VLOOKUP(G46,Data!$A:$G,4,0) -> Hooghly | D46: =VLOOKUP(G46,Data!$A:$G,5,0) -> Guiadaha | E46: =VLOOKUP(G46,Data!$A:$G,6,0) -> Munmun Chakraborty | F46: =VLOOKUP(G46,Data!$A:$G,7,0) -> 2390312218 | G46: 23142 | H46: =VLOOKUP(G46,'FI txn'!$G:$H,2,0) -> 6 | I46: =H46*30 -> 180 | J46: 5 | K46: 3 | L46: 3 | M46: 16 | N46: 14 | O46: 1 | V46: =SUM(J46:U46) -> 42 | W46: =V46/H46 -> 7
A47: =VLOOKUP(G47,Data!$A:$G,2,0) -> Under Office (W Medinipur) | B47: =VLOOKUP(G47,Data!$A:$G,3,0) -> Active | C47: =VLOOKUP(G47,Data!$A:$G,4,0) -> Hooghly | D47: =VLOOKUP(G47,Data!$A:$G,5,0) -> Ramjibanpur | E47: =VLOOKUP(G47,Data!$A:$G,6,0) -> Mahadeb Das | F47: =VLOOKUP(G47,Data!$A:$G,7,0) -> 3390315155 | G47: 27629 | H47: =VLOOKUP(G47,'FI txn'!$G:$H,2,0) -> 6 | I47: =H47*30 -> 180 | J47: 6 | K47: 7 | L47: 16 | M47: 6 | N47: 7 | V47: =SUM(J47:U47) -> 42 | W47: =V47/H47 -> 7
A48: =VLOOKUP(G48,Data!$A:$G,2,0) -> Souvik Maity | B48: =VLOOKUP(G48,Data!$A:$G,3,0) -> Active | C48: =VLOOKUP(G48,Data!$A:$G,4,0) -> Hooghly | D48: =VLOOKUP(G48,Data!$A:$G,5,0) -> Kalipur | E48: =VLOOKUP(G48,Data!$A:$G,6,0) -> Satyajit Chattopadhyay | F48: =VLOOKUP(G48,Data!$A:$G,7,0) -> 3390311422 | G48: 22128 | H48: =VLOOKUP(G48,'FI txn'!$G:$H,2,0) -> 6 | I48: =H48*30 -> 180 | J48: 3 | K48: 25 | L48: 7 | M48: 2 | N48: 3 | O48: 1 | V48: =SUM(J48:U48) -> 41 | W48: =V48/H48 -> 6.8333333
A49: =VLOOKUP(G49,Data!$A:$G,2,0) -> Sunil Biswas | B49: =VLOOKUP(G49,Data!$A:$G,3,0) -> Active | C49: =VLOOKUP(G49,Data!$A:$G,4,0) -> Durgapur | D49: =VLOOKUP(G49,Data!$A:$G,5,0) -> Badkulla | E49: =VLOOKUP(G49,Data!$A:$G,6,0) -> Swapan Kumar Biswas | F49: =VLOOKUP(G49,Data!$A:$G,7,0) -> 2430315186 | G49: 27732 | H49: =VLOOKUP(G49,'FI txn'!$G:$H,2,0) -> 6 | I49: =H49*30 -> 180 | J49: 4 | K49: 15 | L49: 3 | M49: 8 | N49: 10 | V49: =SUM(J49:U49) -> 40 | W49: =V49/H49 -> 6.6666667
A50: =VLOOKUP(G50,Data!$A:$G,2,0) -> Sunil Biswas | B50: =VLOOKUP(G50,Data!$A:$G,3,0) -> Active | C50: =VLOOKUP(G50,Data!$A:$G,4,0) -> Durgapur | D50: =VLOOKUP(G50,Data!$A:$G,5,0) -> Ranaghat | E50: =VLOOKUP(G50,Data!$A:$G,6,0) -> Kishore Bhakta | F50: =VLOOKUP(G50,Data!$A:$G,7,0) -> 2430315568 | G50: 28482 | H50: =VLOOKUP(G50,'FI txn'!$G:$H,2,0) -> 6 | I50: =H50*30 -> 180 | J50: 4 | K50: 21 | L50: 5 | M50: 1 | N50: 8 | O50: 1 | V50: =SUM(J50:U50) -> 40 | W50: =V50/H50 -> 6.6666667
A51: =VLOOKUP(G51,Data!$A:$G,2,0) -> Souvik Maity | B51: =VLOOKUP(G51,Data!$A:$G,3,0) -> Active | C51: =VLOOKUP(G51,Data!$A:$G,4,0) -> Hooghly | D51: =VLOOKUP(G51,Data!$A:$G,5,0) -> Khanakul | E51: =VLOOKUP(G51,Data!$A:$G,6,0) -> Susobhan Patra | F51: =VLOOKUP(G51,Data!$A:$G,7,0) -> 3390312968 | G51: 24153 | H51: =VLOOKUP(G51,'FI txn'!$G:$H,2,0) -> 6 | I51: =H51*30 -> 180 | J51: 4 | K51: 13 | L51: 4 | M51: 11 | N51: 6 | V51: =SUM(J51:U51) -> 38 | W51: =V51/H51 -> 6.3333333
A52: =VLOOKUP(G52,Data!$A:$G,2,0) -> Under Office (W Medinipur) | B52: =VLOOKUP(G52,Data!$A:$G,3,0) -> Active | C52: =VLOOKUP(G52,Data!$A:$G,4,0) -> Hooghly | D52: =VLOOKUP(G52,Data!$A:$G,5,0) -> Palaschabrighat | E52: =VLOOKUP(G52,Data!$A:$G,6,0) -> Asima Bhunia | F52: =VLOOKUP(G52,Data!$A:$G,7,0) -> 2390311420 | G52: 22126 | H52: =VLOOKUP(G52,'FI txn'!$G:$H,2,0) -> 6 | I52: =H52*30 -> 180 | J52: 3 | K52: 3 | L52: 10 | M52: 7 | N52: 14 | V52: =SUM(J52:U52) -> 37 | W52: =V52/H52 -> 6.1666667
A53: =VLOOKUP(G53,Data!$A:$G,2,0) -> Avi Sk | B53: =VLOOKUP(G53,Data!$A:$G,3,0) -> Active | C53: =VLOOKUP(G53,Data!$A:$G,4,0) -> Siliguri | D53: =VLOOKUP(G53,Data!$A:$G,5,0) -> Talgachi | E53: =VLOOKUP(G53,Data!$A:$G,6,0) -> Giridhari Sarkar | F53: =VLOOKUP(G53,Data!$A:$G,7,0) -> 2410310083 | G53: 20509 | H53: =VLOOKUP(G53,'FI txn'!$G:$H,2,0) -> 6 | I53: =H53*30 -> 180 | J53: 2 | K53: 6 | L53: 4 | M53: 10 | N53: 6 | O53: 9 | V53: =SUM(J53:U53) -> 37 | W53: =V53/H53 -> 6.1666667
A54: =VLOOKUP(G54,Data!$A:$G,2,0) -> Pijush Singha | B54: =VLOOKUP(G54,Data!$A:$G,3,0) -> Active | C54: =VLOOKUP(G54,Data!$A:$G,4,0) -> Siliguri | D54: =VLOOKUP(G54,Data!$A:$G,5,0) -> Nabagram | E54: =VLOOKUP(G54,Data!$A:$G,6,0) -> Sahabuddin Ahmed | F54: =VLOOKUP(G54,Data!$A:$G,7,0) -> 2410312329 | G54: 23270 | H54: =VLOOKUP(G54,'FI txn'!$G:$H,2,0) -> 6 | I54: =H54*30 -> 180 | J54: 2 | K54: 7 | L54: 6 | M54: 13 | N54: 6 | O54: 1 | V54: =SUM(J54:U54) -> 35 | W54: =V54/H54 -> 5.8333333
A55: =VLOOKUP(G55,Data!$A:$G,2,0) -> Avi Sk | B55: =VLOOKUP(G55,Data!$A:$G,3,0) -> Active | C55: =VLOOKUP(G55,Data!$A:$G,4,0) -> Siliguri | D55: =VLOOKUP(G55,Data!$A:$G,5,0) -> Sagarpara | E55: =VLOOKUP(G55,Data!$A:$G,6,0) -> Habibur Rahaman | F55: =VLOOKUP(G55,Data!$A:$G,7,0) -> 2410311259 | G55: 28860 | H55: =VLOOKUP(G55,'FI txn'!$G:$H,2,0) -> 6 | I55: =H55*30 -> 180 | J55: 2 | L55: 20 | M55: 10 | N55: 2 | O55: 1 | V55: =SUM(J55:U55) -> 35 | W55: =V55/H55 -> 5.8333333
A56: =VLOOKUP(G56,Data!$A:$G,2,0) -> Under Office (W Medinipur) | B56: =VLOOKUP(G56,Data!$A:$G,3,0) -> Active | C56: =VLOOKUP(G56,Data!$A:$G,4,0) -> Hooghly | D56: =VLOOKUP(G56,Data!$A:$G,5,0) -> Nayabasat | E56: =VLOOKUP(G56,Data!$A:$G,6,0) -> Soumya Ghosh | F56: =VLOOKUP(G56,Data!$A:$G,7,0) -> 2390314387 | G56: 26403 | H56: =VLOOKUP(G56,'FI txn'!$G:$H,2,0) -> 6 | I56: =H56*30 -> 180 | J56: 11 | K56: 3 | L56: 4 | M56: 6 | N56: 8 | O56: 2 | V56: =SUM(J56:U56) -> 34 | W56: =V56/H56 -> 5.6666667
A57: =VLOOKUP(G57,Data!$A:$G,2,0) -> Under Office (Birbhum) | B57: =VLOOKUP(G57,Data!$A:$G,3,0) -> Active | C57: =VLOOKUP(G57,Data!$A:$G,4,0) -> Siliguri | D57: =VLOOKUP(G57,Data!$A:$G,5,0) -> Parsundi | E57: =VLOOKUP(G57,Data!$A:$G,6,0) -> Parimal Das | F57: =VLOOKUP(G57,Data!$A:$G,7,0) -> 0140311628 | G57: 22365 | H57: =VLOOKUP(G57,'FI txn'!$G:$H,2,0) -> 6 | I57: =H57*30 -> 180 | J57: 3 | K57: 8 | L57: 12 | M57: 5 | N57: 6 | V57: =SUM(J57:U57) -> 34 | W57: =V57/H57 -> 5.6666667
A58: =VLOOKUP(G58,Data!$A:$G,2,0) -> Under Office (W Medinipur) | B58: =VLOOKUP(G58,Data!$A:$G,3,0) -> Active | C58: =VLOOKUP(G58,Data!$A:$G,4,0) -> Hooghly | D58: =VLOOKUP(G58,Data!$A:$G,5,0) -> Khirpai | E58: =VLOOKUP(G58,Data!$A:$G,6,0) -> Reshma Khatun | F58: =VLOOKUP(G58,Data!$A:$G,7,0) -> 2390314453 | G58: 26501 | H58: =VLOOKUP(G58,'FI txn'!$G:$H,2,0) -> 6 | I58: =H58*30 -> 180 | J58: 6 | K58: 8 | L58: 8 | M58: 9 | N58: 3 | V58: =SUM(J58:U58) -> 34 | W58: =V58/H58 -> 5.6666667
A59: =VLOOKUP(G59,Data!$A:$G,2,0) -> Souvik Maity | B59: =VLOOKUP(G59,Data!$A:$G,3,0) -> Active | C59: =VLOOKUP(G59,Data!$A:$G,4,0) -> Hooghly | D59: =VLOOKUP(G59,Data!$A:$G,5,0) -> Haripal | E59: =VLOOKUP(G59,Data!$A:$G,6,0) -> Sk Nasim Ali | F59: =VLOOKUP(G59,Data!$A:$G,7,0) -> 3390312613 | G59: 23669 | H59: =VLOOKUP(G59,'FI txn'!$G:$H,2,0) -> 6 | I59: =H59*30 -> 180 | J59: 3 | K59: 11 | L59: 7 | M59: 7 | N59: 3 | V59: =SUM(J59:U59) -> 31 | W59: =V59/H59 -> 5.1666667
A60: =VLOOKUP(G60,Data!$A:$G,2,0) -> Sunil Biswas | B60: =VLOOKUP(G60,Data!$A:$G,3,0) -> Active | C60: =VLOOKUP(G60,Data!$A:$G,4,0) -> Durgapur | D60: =VLOOKUP(G60,Data!$A:$G,5,0) -> Santipur | E60: =VLOOKUP(G60,Data!$A:$G,6,0) -> Partha Dey | F60: =VLOOKUP(G60,Data!$A:$G,7,0) -> 2430315570 | G60: 29089 | H60: =VLOOKUP(G60,'FI txn'!$G:$H,2,0) -> 6 | I60: =H60*30 -> 180 | J60: 3 | K60: 9 | L60: 5 | M60: 8 | N60: 3 | O60: 1 | V60: =SUM(J60:U60) -> 29 | W60: =V60/H60 -> 4.8333333
A61: =VLOOKUP(G61,Data!$A:$G,2,0) -> Souvik Maity | B61: =VLOOKUP(G61,Data!$A:$G,3,0) -> Active | C61: =VLOOKUP(G61,Data!$A:$G,4,0) -> Hooghly | D61: =VLOOKUP(G61,Data!$A:$G,5,0) -> Polba | E61: =VLOOKUP(G61,Data!$A:$G,6,0) -> Arindam Sadhukhan | F61: =VLOOKUP(G61,Data!$A:$G,7,0) -> 3390315433 | G61: 28201 | H61: =VLOOKUP(G61,'FI txn'!$G:$H,2,0) -> 6 | I61: =H61*30 -> 180 | J61: 4 | K61: 4 | L61: 11 | M61: 3 | N61: 3 | O61: 1 | V61: =SUM(J61:U61) -> 26 | W61: =V61/H61 -> 4.3333333
A62: =VLOOKUP(G62,Data!$A:$G,2,0) -> Souvik Maity | B62: =VLOOKUP(G62,Data!$A:$G,3,0) -> Active | C62: =VLOOKUP(G62,Data!$A:$G,4,0) -> Hooghly | D62: =VLOOKUP(G62,Data!$A:$G,5,0) -> Khanakul | E62: =VLOOKUP(G62,Data!$A:$G,6,0) -> Sahanaj Parvin | F62: =VLOOKUP(G62,Data!$A:$G,7,0) -> 3390312801 | G62: 23969 | H62: =VLOOKUP(G62,'FI txn'!$G:$H,2,0) -> 6 | I62: =H62*30 -> 180 | J62: 2 | K62: 3 | M62: 15 | N62: 5 | V62: =SUM(J62:U62) -> 25 | W62: =V62/H62 -> 4.1666667
A63: =VLOOKUP(G63,Data!$A:$G,2,0) -> Sunil Biswas | B63: =VLOOKUP(G63,Data!$A:$G,3,0) -> Active | C63: =VLOOKUP(G63,Data!$A:$G,4,0) -> Durgapur | D63: =VLOOKUP(G63,Data!$A:$G,5,0) -> Ranaghat | E63: =VLOOKUP(G63,Data!$A:$G,6,0) -> Sagari Ghosh | F63: =VLOOKUP(G63,Data!$A:$G,7,0) -> 2430314519 | G63: 26595 | H63: =VLOOKUP(G63,'FI txn'!$G:$H,2,0) -> 6 | I63: =H63*30 -> 180 | J63: 6 | K63: 9 | L63: 6 | M63: 3 | N63: 1 | V63: =SUM(J63:U63) -> 25 | W63: =V63/H63 -> 4.1666667
A64: =VLOOKUP(G64,Data!$A:$G,2,0) -> Souvik Maity | B64: =VLOOKUP(G64,Data!$A:$G,3,0) -> Active | C64: =VLOOKUP(G64,Data!$A:$G,4,0) -> Hooghly | D64: =VLOOKUP(G64,Data!$A:$G,5,0) -> Dasghara | E64: =VLOOKUP(G64,Data!$A:$G,6,0) -> Sabir Amed | F64: =VLOOKUP(G64,Data!$A:$G,7,0) -> 3390312282 | G64: 23214 | H64: =VLOOKUP(G64,'FI txn'!$G:$H,2,0) -> 6 | I64: =H64*30 -> 180 | J64: 2 | K64: 5 | L64: 2 | M64: 9 | N64: 6 | V64: =SUM(J64:U64) -> 24 | W64: =V64/H64 -> 4
A65: =VLOOKUP(G65,Data!$A:$G,2,0) -> Under Office (W Medinipur) | B65: =VLOOKUP(G65,Data!$A:$G,3,0) -> Active | C65: =VLOOKUP(G65,Data!$A:$G,4,0) -> Hooghly | D65: =VLOOKUP(G65,Data!$A:$G,5,0) -> Kharar | E65: =VLOOKUP(G65,Data!$A:$G,6,0) -> Pinki Ghosh | F65: =VLOOKUP(G65,Data!$A:$G,7,0) -> 2390311944 | G65: 29368 | H65: =VLOOKUP(G65,'FI txn'!$G:$H,2,0) -> 6 | I65: =H65*30 -> 180 | K65: 8 | L65: 7 | M65: 2 | N65: 5 | O65: 2 | V65: =SUM(J65:U65) -> 24 | W65: =V65/H65 -> 4
A66: =VLOOKUP(G66,Data!$A:$G,2,0) -> Manindra Nath Barman | B66: =VLOOKUP(G66,Data!$A:$G,3,0) -> Inactive | C66: =VLOOKUP(G66,Data!$A:$G,4,0) -> Siliguri | D66: =VLOOKUP(G66,Data!$A:$G,5,0) -> Barobisha | E66: =VLOOKUP(G66,Data!$A:$G,6,0) -> Virendra Narayan Nag | F66: =VLOOKUP(G66,Data!$A:$G,7,0) -> 8967601707 | G66: 29526 | H66: =VLOOKUP(G66,'FI txn'!$G:$H,2,0) -> 3 | I66: =H66*30 -> 90 | L66: 2 | M66: 8 | N66: 13 | V66: =SUM(J66:U66) -> 23 | W66: =V66/H66 -> 7.6666667
